Handle,Title,Body (HTML),Vendor,Product Category,Type,Tags,Published,Image Src,Image Position,Image Alt Text,Variant Price,Variant Compare At Price,Variant Inventory Tracker,Variant Weight Unit,Variant SKU,Option1 Name,Option1 Value
"spirit-of-fire-prd","EN-001 Spirit of Fire (C)","<p>Spirit of Fire is a common card in Grand Archive's .asphodel/paradise set.<p>","Weebs of the Shore","Arts & Entertainment > Hobbies & Creative Arts > Collectibles > Collectible Trading Cards","Trading Card","Set: PRD, Rarity: Common, Variant: Non-foil","FALSE","https://img.silvie.org/cdn/cards/PRD/C/EN-001.jpg","1","Spirit of Fire","","","shopify","g","WGBP5HZ6GI","Title","Default Title"
"spirit-of-water-prd","EN-002 Spirit of Water (C)","<p>Spirit of Water is a common card in Grand Archive's .asphodel/paradise set.<p>","Weebs of the Shore","Arts & Entertainment > Hobbies & Creative Arts > Collectibles > Collectible Trading Cards","Trading Card","Set: PRD, Rarity: Common, Variant: Non-foil","FALSE","https://img.silvie.org/cdn/cards/PRD/C/EN-002.jpg","1","Spirit of Water","","","shopify","g","D5ZYHUTQF2","Title","Default Title"
"spirit-of-wind-prd","EN-003 Spirit of Wind (C)","<p>Spirit of Wind is a common card in Grand Archive's .asphodel/paradise set.<p>","Weebs of the Shore","Arts & Entertainment > Hobbies & Creative Arts > Collectibles > Collectible Trading Cards","Trading Card","Set: PRD, Rarity: Common, Variant: Non-foil","FALSE","https://img.silvie.org/cdn/cards/PRD/C/EN-003.jpg","1","Spirit of Wind","","","shopify","g","F9MFALWHN0","Title","Default Title"
"dante-prodigal-swain-prd","EN-004 Dante, Prodigal Swain (C)","<p>Dante, Prodigal Swain is a common card in Grand Archive's .asphodel/paradise set.<p>","Weebs of the Shore","Arts & Entertainment > Hobbies & Creative Arts > Collectibles > Collectible Trading Cards","Trading Card","Set: PRD, Rarity: Common, Variant: Non-foil","FALSE","https://img.silvie.org/cdn/cards/PRD/C/EN-004.jpg","1","Dante, Prodigal Swain","","","shopify","g","5CEJGTVYVS","Title","Default Title"
"dante-aenean-initiate-prd","EN-005 Dante, Aenean Initiate (C)","<p>Dante, Aenean Initiate is a common card in Grand Archive's .asphodel/paradise set.<p>","Weebs of the Shore","Arts & Entertainment > Hobbies & Creative Arts > Collectibles > Collectible Trading Cards","Trading Card","Set: PRD, Rarity: Common, Variant: Non-foil","FALSE","https://img.silvie.org/cdn/cards/PRD/C/EN-005.jpg","1","Dante, Aenean Initiate","","","shopify","g","OASSZQVGNV","Title","Default Title"
"dante-hemomancer-prd","EN-006 Dante, Hemomancer (U)","<p>Dante, Hemomancer is an uncommon card in Grand Archive's .asphodel/paradise set.<p>","Weebs of the Shore","Arts & Entertainment > Hobbies & Creative Arts > Collectibles > Collectible Trading Cards","Trading Card","Set: PRD, Rarity: Uncommon, Variant: Non-foil","FALSE","https://img.silvie.org/cdn/cards/PRD/U/EN-006.jpg","1","Dante, Hemomancer","","","shopify","g","WICXLF7WCG","Title","Default Title"
"lorraine-wandering-warrior-prd","EN-008 Lorraine, Wandering Warrior (C)","<p>Lorraine, Wandering Warrior is a common card in Grand Archive's .asphodel/paradise set.<p>","Weebs of the Shore","Arts & Entertainment > Hobbies & Creative Arts > Collectibles > Collectible Trading Cards","Trading Card","Set: PRD, Rarity: Common, Variant: Non-foil","FALSE","https://img.silvie.org/cdn/cards/PRD/C/EN-008.jpg","1","Lorraine, Wandering Warrior","","","shopify","g","LP5XSEHLGU","Title","Default Title"
"lorraine-honed-operative-prd","EN-009 Lorraine, Honed Operative (C)","<p>Lorraine, Honed Operative is a common card in Grand Archive's .asphodel/paradise set.<p>","Weebs of the Shore","Arts & Entertainment > Hobbies & Creative Arts > Collectibles > Collectible Trading Cards","Trading Card","Set: PRD, Rarity: Common, Variant: Non-foil","FALSE","https://img.silvie.org/cdn/cards/PRD/C/EN-009.jpg","1","Lorraine, Honed Operative","","","shopify","g","HVGVYHIZP2","Title","Default Title"
"lorraine-arclight-saber-prd","EN-010 Lorraine, Arclight Saber (U)","<p>Lorraine, Arclight Saber is an uncommon card in Grand Archive's .asphodel/paradise set.<p>","Weebs of the Shore","Arts & Entertainment > Hobbies & Creative Arts > Collectibles > Collectible Trading Cards","Trading Card","Set: PRD, Rarity: Uncommon, Variant: Non-foil","FALSE","https://img.silvie.org/cdn/cards/PRD/U/EN-010.jpg","1","Lorraine, Arclight Saber","","","shopify","g","VITOF3GKKA","Title","Default Title"
"battery-core-x-prd","EN-011 Battery Core X (R)","<p>Battery Core X is a rare card in Grand Archive's .asphodel/paradise set.<p>","Weebs of the Shore","Arts & Entertainment > Hobbies & Creative Arts > Collectibles > Collectible Trading Cards","Trading Card","Set: PRD, Rarity: Rare, Variant: Non-foil","FALSE","https://img.silvie.org/cdn/cards/PRD/R/EN-011.jpg","1","Battery Core X","","","shopify","g","MKJVCXKILY","Title","Default Title"
"cell-reactor-prd","EN-012 Cell Reactor (R)","<p>Cell Reactor is a rare card in Grand Archive's .asphodel/paradise set.<p>","Weebs of the Shore","Arts & Entertainment > Hobbies & Creative Arts > Collectibles > Collectible Trading Cards","Trading Card","Set: PRD, Rarity: Rare, Variant: Non-foil","FALSE","https://img.silvie.org/cdn/cards/PRD/R/EN-012.jpg","1","Cell Reactor","","","shopify","g","8TNMUYOPVR","Title","Default Title"
"discharger-prd","EN-013 Discharger (R)","<p>Discharger is a rare card in Grand Archive's .asphodel/paradise set.<p>","Weebs of the Shore","Arts & Entertainment > Hobbies & Creative Arts > Collectibles > Collectible Trading Cards","Trading Card","Set: PRD, Rarity: Rare, Variant: Non-foil","FALSE","https://img.silvie.org/cdn/cards/PRD/R/EN-013.jpg","1","Discharger","","","shopify","g","KZ4PVDG1N6","Title","Default Title"
"resonantech-module-prd","EN-014 ResonanTech Module (R)","<p>ResonanTech Module is a rare card in Grand Archive's .asphodel/paradise set.<p>","Weebs of the Shore","Arts & Entertainment > Hobbies & Creative Arts > Collectibles > Collectible Trading Cards","Trading Card","Set: PRD, Rarity: Rare, Variant: Non-foil","FALSE","https://img.silvie.org/cdn/cards/PRD/R/EN-014.jpg","1","ResonanTech Module","","","shopify","g","U7JETDQVIS","Title","Default Title"
"revoker-bell-prd","EN-015 Revoker Bell (R)","<p>Revoker Bell is a rare card in Grand Archive's .asphodel/paradise set.<p>","Weebs of the Shore","Arts & Entertainment > Hobbies & Creative Arts > Collectibles > Collectible Trading Cards","Trading Card","Set: PRD, Rarity: Rare, Variant: Non-foil","FALSE","https://img.silvie.org/cdn/cards/PRD/R/EN-015.jpg","1","Revoker Bell","","","shopify","g","OMMUK6OQNM","Title","Default Title"
"seed-of-empowerment-prd","EN-016 Seed of Empowerment (R)","<p>Seed of Empowerment is a rare card in Grand Archive's .asphodel/paradise set.<p>","Weebs of the Shore","Arts & Entertainment > Hobbies & Creative Arts > Collectibles > Collectible Trading Cards","Trading Card","Set: PRD, Rarity: Rare, Variant: Non-foil","FALSE","https://img.silvie.org/cdn/cards/PRD/R/EN-016.jpg","1","Seed of Empowerment","","","shopify","g","HAPEDYLEM0","Title","Default Title"
"signaltech-x-ultra-prd","EN-017 SignalTech X Ultra (R)","<p>SignalTech X Ultra is a rare card in Grand Archive's .asphodel/paradise set.<p>","Weebs of the Shore","Arts & Entertainment > Hobbies & Creative Arts > Collectibles > Collectible Trading Cards","Trading Card","Set: PRD, Rarity: Rare, Variant: Non-foil","FALSE","https://img.silvie.org/cdn/cards/PRD/R/EN-017.jpg","1","SignalTech X Ultra","","","shopify","g","TXJIUVBOJH","Title","Default Title"
"fanned-synchron-prd","EN-019 Fanned Synchron (SR)","<p>Fanned Synchron is a super rare card in Grand Archive's .asphodel/paradise set.<p>","Weebs of the Shore","Arts & Entertainment > Hobbies & Creative Arts > Collectibles > Collectible Trading Cards","Trading Card","Set: PRD, Rarity: Super Rare, Variant: Non-foil","FALSE","https://img.silvie.org/cdn/cards/PRD/SR/EN-019.jpg","1","Fanned Synchron","","","shopify","g","BRC1PSK2GQ","Title","Default Title"
"flametech-manual-prd","EN-020 FlameTech Manual (SR)","<p>FlameTech Manual is a super rare card in Grand Archive's .asphodel/paradise set.<p>","Weebs of the Shore","Arts & Entertainment > Hobbies & Creative Arts > Collectibles > Collectible Trading Cards","Trading Card","Set: PRD, Rarity: Super Rare, Variant: Non-foil","FALSE","https://img.silvie.org/cdn/cards/PRD/SR/EN-020.jpg","1","FlameTech Manual","","","shopify","g","C7DC0IWYDV","Title","Default Title"
"aquatech-blade-x-prd","EN-021 AquaTech Blade X (SR)","<p>AquaTech Blade X is a super rare card in Grand Archive's .asphodel/paradise set.<p>","Weebs of the Shore","Arts & Entertainment > Hobbies & Creative Arts > Collectibles > Collectible Trading Cards","Trading Card","Set: PRD, Rarity: Super Rare, Variant: Non-foil","FALSE","https://img.silvie.org/cdn/cards/PRD/SR/EN-021.jpg","1","AquaTech Blade X","","","shopify","g","JM8IITILRD","Title","Default Title"
"extinguishing-synchron-prd","EN-022 Extinguishing Synchron (SR)","<p>Extinguishing Synchron is a super rare card in Grand Archive's .asphodel/paradise set.<p>","Weebs of the Shore","Arts & Entertainment > Hobbies & Creative Arts > Collectibles > Collectible Trading Cards","Trading Card","Set: PRD, Rarity: Super Rare, Variant: Non-foil","FALSE","https://img.silvie.org/cdn/cards/PRD/SR/EN-022.jpg","1","Extinguishing Synchron","","","shopify","g","BTZ0RYRDA9","Title","Default Title"
"evaporation-synchron-prd","EN-023 Evaporation Synchron (SR)","<p>Evaporation Synchron is a super rare card in Grand Archive's .asphodel/paradise set.<p>","Weebs of the Shore","Arts & Entertainment > Hobbies & Creative Arts > Collectibles > Collectible Trading Cards","Trading Card","Set: PRD, Rarity: Super Rare, Variant: Non-foil","FALSE","https://img.silvie.org/cdn/cards/PRD/SR/EN-023.jpg","1","Evaporation Synchron","","","shopify","g","QIK8O3OOTP","Title","Default Title"
"wind-surge-emitter-prd","EN-024 Wind Surge Emitter (R)","<p>Wind Surge Emitter is a rare card in Grand Archive's .asphodel/paradise set.<p>","Weebs of the Shore","Arts & Entertainment > Hobbies & Creative Arts > Collectibles > Collectible Trading Cards","Trading Card","Set: PRD, Rarity: Rare, Variant: Non-foil","FALSE","https://img.silvie.org/cdn/cards/PRD/R/EN-024.jpg","1","Wind Surge Emitter","","","shopify","g","Q8WLWTCC6Z","Title","Default Title"
"aenean-repudiation-prd","EN-026 Aenean Repudiation (SR)","<p>Aenean Repudiation is a super rare card in Grand Archive's .asphodel/paradise set.<p>","Weebs of the Shore","Arts & Entertainment > Hobbies & Creative Arts > Collectibles > Collectible Trading Cards","Trading Card","Set: PRD, Rarity: Super Rare, Variant: Non-foil","FALSE","https://img.silvie.org/cdn/cards/PRD/SR/EN-026.jpg","1","Aenean Repudiation","","","shopify","g","KSER49LFKX","Title","Default Title"
"aenean-ward-prd","EN-027 Aenean Ward (C)","<p>Aenean Ward is a common card in Grand Archive's .asphodel/paradise set.<p>","Weebs of the Shore","Arts & Entertainment > Hobbies & Creative Arts > Collectibles > Collectible Trading Cards","Trading Card","Set: PRD, Rarity: Common, Variant: Non-foil","FALSE","https://img.silvie.org/cdn/cards/PRD/C/EN-027.jpg","1","Aenean Ward","","","shopify","g","J82IDNUNZ5","Title","Default Title"
"annul-spell-prd","EN-028 Annul Spell (U)","<p>Annul Spell is an uncommon card in Grand Archive's .asphodel/paradise set.<p>","Weebs of the Shore","Arts & Entertainment > Hobbies & Creative Arts > Collectibles > Collectible Trading Cards","Trading Card","Set: PRD, Rarity: Uncommon, Variant: Non-foil","FALSE","https://img.silvie.org/cdn/cards/PRD/U/EN-028.jpg","1","Annul Spell","","","shopify","g","8ALTZORN0K","Title","Default Title"
"anointed-purifier-prd","EN-029 Anointed Purifier (R)","<p>Anointed Purifier is a rare card in Grand Archive's .asphodel/paradise set.<p>","Weebs of the Shore","Arts & Entertainment > Hobbies & Creative Arts > Collectibles > Collectible Trading Cards","Trading Card","Set: PRD, Rarity: Rare, Variant: Non-foil","FALSE","https://img.silvie.org/cdn/cards/PRD/R/EN-029.jpg","1","Anointed Purifier","","","shopify","g","G79MGAFJPP","Title","Default Title"
"another-round-prd","EN-030 Another Round (C)","<p>Another Round is a common card in Grand Archive's .asphodel/paradise set.<p>","Weebs of the Shore","Arts & Entertainment > Hobbies & Creative Arts > Collectibles > Collectible Trading Cards","Trading Card","Set: PRD, Rarity: Common, Variant: Non-foil","FALSE","https://img.silvie.org/cdn/cards/PRD/C/EN-030.jpg","1","Another Round","","","shopify","g","MBGRSN9QWZ","Title","Default Title"
"banner-knight-prd","EN-031 Banner Knight (C)","<p>Banner Knight is a common card in Grand Archive's .asphodel/paradise set.<p>","Weebs of the Shore","Arts & Entertainment > Hobbies & Creative Arts > Collectibles > Collectible Trading Cards","Trading Card","Set: PRD, Rarity: Common, Variant: Non-foil","FALSE","https://img.silvie.org/cdn/cards/PRD/C/EN-031.jpg","1","Banner Knight","","","shopify","g","TGRXJKA4SB","Title","Default Title"
"bedlam-borough-prd","EN-032 Bedlam Borough (U)","<p>Bedlam Borough is an uncommon card in Grand Archive's .asphodel/paradise set.<p>","Weebs of the Shore","Arts & Entertainment > Hobbies & Creative Arts > Collectibles > Collectible Trading Cards","Trading Card","Set: PRD, Rarity: Uncommon, Variant: Non-foil","FALSE","https://img.silvie.org/cdn/cards/PRD/U/EN-032.jpg","1","Bedlam Borough","","","shopify","g","IBHFZHS45Q","Title","Default Title"
"belted-tune-prd","EN-033 Belted Tune (C)","<p>Belted Tune is a common card in Grand Archive's .asphodel/paradise set.<p>","Weebs of the Shore","Arts & Entertainment > Hobbies & Creative Arts > Collectibles > Collectible Trading Cards","Trading Card","Set: PRD, Rarity: Common, Variant: Non-foil","FALSE","https://img.silvie.org/cdn/cards/PRD/C/EN-033.jpg","1","Belted Tune","","","shopify","g","IGNENRTEWF","Title","Default Title"
"biding-endroid-prd","EN-034 Biding Endroid (U)","<p>Biding Endroid is an uncommon card in Grand Archive's .asphodel/paradise set.<p>","Weebs of the Shore","Arts & Entertainment > Hobbies & Creative Arts > Collectibles > Collectible Trading Cards","Trading Card","Set: PRD, Rarity: Uncommon, Variant: Non-foil","FALSE","https://img.silvie.org/cdn/cards/PRD/U/EN-034.jpg","1","Biding Endroid","","","shopify","g","BMHFCDUS98","Title","Default Title"
"break-the-line-prd","EN-035 Break the Line (U)","<p>Break the Line is an uncommon card in Grand Archive's .asphodel/paradise set.<p>","Weebs of the Shore","Arts & Entertainment > Hobbies & Creative Arts > Collectibles > Collectible Trading Cards","Trading Card","Set: PRD, Rarity: Uncommon, Variant: Non-foil","FALSE","https://img.silvie.org/cdn/cards/PRD/U/EN-035.jpg","1","Break the Line","","","shopify","g","OHD4VIWJVR","Title","Default Title"
"business-card-prd","EN-036 Business Card (R)","<p>Business Card is a rare card in Grand Archive's .asphodel/paradise set.<p>","Weebs of the Shore","Arts & Entertainment > Hobbies & Creative Arts > Collectibles > Collectible Trading Cards","Trading Card","Set: PRD, Rarity: Rare, Variant: Non-foil","FALSE","https://img.silvie.org/cdn/cards/PRD/R/EN-036.jpg","1","Business Card","","","shopify","g","EFC8URBJB1","Title","Default Title"
"bygone-days-prd","EN-037 Bygone Days (R)","<p>Bygone Days is a rare card in Grand Archive's .asphodel/paradise set.<p>","Weebs of the Shore","Arts & Entertainment > Hobbies & Creative Arts > Collectibles > Collectible Trading Cards","Trading Card","Set: PRD, Rarity: Rare, Variant: Non-foil","FALSE","https://img.silvie.org/cdn/cards/PRD/R/EN-037.jpg","1","Bygone Days","","","shopify","g","FDKSDKOLMU","Title","Default Title"
"camil-basked-abundance-prd","EN-038 Camil, Basked Abundance (SR)","<p>Camil, Basked Abundance is a super rare card in Grand Archive's .asphodel/paradise set.<p>","Weebs of the Shore","Arts & Entertainment > Hobbies & Creative Arts > Collectibles > Collectible Trading Cards","Trading Card","Set: PRD, Rarity: Super Rare, Variant: Non-foil","FALSE","https://img.silvie.org/cdn/cards/PRD/SR/EN-038.jpg","1","Camil, Basked Abundance","","","shopify","g","SBBNXMEJLB","Title","Default Title"
"cell-production-prd","EN-039 Cell Production (C)","<p>Cell Production is a common card in Grand Archive's .asphodel/paradise set.<p>","Weebs of the Shore","Arts & Entertainment > Hobbies & Creative Arts > Collectibles > Collectible Trading Cards","Trading Card","Set: PRD, Rarity: Common, Variant: Non-foil","FALSE","https://img.silvie.org/cdn/cards/PRD/C/EN-039.jpg","1","Cell Production","","","shopify","g","CQKB0MRU5Y","Title","Default Title"
"channeltech-charm-s-prd","EN-040 ChannelTech Charm S (C)","<p>ChannelTech Charm S is a common card in Grand Archive's .asphodel/paradise set.<p>","Weebs of the Shore","Arts & Entertainment > Hobbies & Creative Arts > Collectibles > Collectible Trading Cards","Trading Card","Set: PRD, Rarity: Common, Variant: Non-foil","FALSE","https://img.silvie.org/cdn/cards/PRD/C/EN-040.jpg","1","ChannelTech Charm S","","","shopify","g","1JO7X8URZQ","Title","Default Title"
"collect-junk-prd","EN-041 Collect Junk (U)","<p>Collect Junk is an uncommon card in Grand Archive's .asphodel/paradise set.<p>","Weebs of the Shore","Arts & Entertainment > Hobbies & Creative Arts > Collectibles > Collectible Trading Cards","Trading Card","Set: PRD, Rarity: Uncommon, Variant: Non-foil","FALSE","https://img.silvie.org/cdn/cards/PRD/U/EN-041.jpg","1","Collect Junk","","","shopify","g","1UORTZRGGG","Title","Default Title"
"convergent-beam-prd","EN-042 Convergent Beam (C)","<p>Convergent Beam is a common card in Grand Archive's .asphodel/paradise set.<p>","Weebs of the Shore","Arts & Entertainment > Hobbies & Creative Arts > Collectibles > Collectible Trading Cards","Trading Card","Set: PRD, Rarity: Common, Variant: Non-foil","FALSE","https://img.silvie.org/cdn/cards/PRD/C/EN-042.jpg","1","Convergent Beam","","","shopify","g","BNJ2TJKFAD","Title","Default Title"
"cooktech-apron-prd","EN-043 CookTech Apron (C)","<p>CookTech Apron is a common card in Grand Archive's .asphodel/paradise set.<p>","Weebs of the Shore","Arts & Entertainment > Hobbies & Creative Arts > Collectibles > Collectible Trading Cards","Trading Card","Set: PRD, Rarity: Common, Variant: Non-foil","FALSE","https://img.silvie.org/cdn/cards/PRD/C/EN-043.jpg","1","CookTech Apron","","","shopify","g","FV0ZAODD1S","Title","Default Title"
"cooktech-knife-prd","EN-044 CookTech Knife (C)","<p>CookTech Knife is a common card in Grand Archive's .asphodel/paradise set.<p>","Weebs of the Shore","Arts & Entertainment > Hobbies & Creative Arts > Collectibles > Collectible Trading Cards","Trading Card","Set: PRD, Rarity: Common, Variant: Non-foil","FALSE","https://img.silvie.org/cdn/cards/PRD/C/EN-044.jpg","1","CookTech Knife","","","shopify","g","TN33OFU7CF","Title","Default Title"
"core-fractal-prd","EN-045 Core Fractal (C)","<p>Core Fractal is a common card in Grand Archive's .asphodel/paradise set.<p>","Weebs of the Shore","Arts & Entertainment > Hobbies & Creative Arts > Collectibles > Collectible Trading Cards","Trading Card","Set: PRD, Rarity: Common, Variant: Non-foil","FALSE","https://img.silvie.org/cdn/cards/PRD/C/EN-045.jpg","1","Core Fractal","","","shopify","g","G3TJSFJ9QN","Title","Default Title"
"corrosive-juggler-prd","EN-046 Corrosive Juggler (C)","<p>Corrosive Juggler is a common card in Grand Archive's .asphodel/paradise set.<p>","Weebs of the Shore","Arts & Entertainment > Hobbies & Creative Arts > Collectibles > Collectible Trading Cards","Trading Card","Set: PRD, Rarity: Common, Variant: Non-foil","FALSE","https://img.silvie.org/cdn/cards/PRD/C/EN-046.jpg","1","Corrosive Juggler","","","shopify","g","BW3V8KV5ZQ","Title","Default Title"
"deflecting-edge-prd","EN-047 Deflecting Edge (C)","<p>Deflecting Edge is a common card in Grand Archive's .asphodel/paradise set.<p>","Weebs of the Shore","Arts & Entertainment > Hobbies & Creative Arts > Collectibles > Collectible Trading Cards","Trading Card","Set: PRD, Rarity: Common, Variant: Non-foil","FALSE","https://img.silvie.org/cdn/cards/PRD/C/EN-047.jpg","1","Deflecting Edge","","","shopify","g","NLA9FILPYN","Title","Default Title"
"delicious-pastry-prd","EN-048 Delicious Pastry (C)","<p>Delicious Pastry is a common card in Grand Archive's .asphodel/paradise set.<p>","Weebs of the Shore","Arts & Entertainment > Hobbies & Creative Arts > Collectibles > Collectible Trading Cards","Trading Card","Set: PRD, Rarity: Common, Variant: Non-foil","FALSE","https://img.silvie.org/cdn/cards/PRD/C/EN-048.jpg","1","Delicious Pastry","","","shopify","g","M0SQMHHQCD","Title","Default Title"
"delivery-droid-prd","EN-049 Delivery Droid (C)","<p>Delivery Droid is a common card in Grand Archive's .asphodel/paradise set.<p>","Weebs of the Shore","Arts & Entertainment > Hobbies & Creative Arts > Collectibles > Collectible Trading Cards","Trading Card","Set: PRD, Rarity: Common, Variant: Non-foil","FALSE","https://img.silvie.org/cdn/cards/PRD/C/EN-049.jpg","1","Delivery Droid","","","shopify","g","4E8AKGVLZI","Title","Default Title"
"disenchant-prd","EN-050 Disenchant (C)","<p>Disenchant is a common card in Grand Archive's .asphodel/paradise set.<p>","Weebs of the Shore","Arts & Entertainment > Hobbies & Creative Arts > Collectibles > Collectible Trading Cards","Trading Card","Set: PRD, Rarity: Common, Variant: Non-foil","FALSE","https://img.silvie.org/cdn/cards/PRD/C/EN-050.jpg","1","Disenchant","","","shopify","g","X96PTM0A4K","Title","Default Title"
"divine-comedy-prd","EN-051 Divine Comedy (C)","<p>Divine Comedy is a common card in Grand Archive's .asphodel/paradise set.<p>","Weebs of the Shore","Arts & Entertainment > Hobbies & Creative Arts > Collectibles > Collectible Trading Cards","Trading Card","Set: PRD, Rarity: Common, Variant: Non-foil","FALSE","https://img.silvie.org/cdn/cards/PRD/C/EN-051.jpg","1","Divine Comedy","","","shopify","g","ZHU0AT9CDS","Title","Default Title"
"edge-of-tomorrow-prd","EN-052 Edge of Tomorrow (R)","<p>Edge of Tomorrow is a rare card in Grand Archive's .asphodel/paradise set.<p>","Weebs of the Shore","Arts & Entertainment > Hobbies & Creative Arts > Collectibles > Collectible Trading Cards","Trading Card","Set: PRD, Rarity: Rare, Variant: Non-foil","FALSE","https://img.silvie.org/cdn/cards/PRD/R/EN-052.jpg","1","Edge of Tomorrow","","","shopify","g","BP1KYGNC92","Title","Default Title"
"elysian-orphan-prd","EN-053 Elysian Orphan (C)","<p>Elysian Orphan is a common card in Grand Archive's .asphodel/paradise set.<p>","Weebs of the Shore","Arts & Entertainment > Hobbies & Creative Arts > Collectibles > Collectible Trading Cards","Trading Card","Set: PRD, Rarity: Common, Variant: Non-foil","FALSE","https://img.silvie.org/cdn/cards/PRD/C/EN-053.jpg","1","Elysian Orphan","","","shopify","g","0UTCA3ITXR","Title","Default Title"
"elysian-test-subject-prd","EN-054 Elysian Test Subject (C)","<p>Elysian Test Subject is a common card in Grand Archive's .asphodel/paradise set.<p>","Weebs of the Shore","Arts & Entertainment > Hobbies & Creative Arts > Collectibles > Collectible Trading Cards","Trading Card","Set: PRD, Rarity: Common, Variant: Non-foil","FALSE","https://img.silvie.org/cdn/cards/PRD/C/EN-054.jpg","1","Elysian Test Subject","","","shopify","g","OX8SIE70T7","Title","Default Title"
"eminence-in-fury-prd","EN-055 Eminence in Fury (SR)","<p>Eminence in Fury is a super rare card in Grand Archive's .asphodel/paradise set.<p>","Weebs of the Shore","Arts & Entertainment > Hobbies & Creative Arts > Collectibles > Collectible Trading Cards","Trading Card","Set: PRD, Rarity: Super Rare, Variant: Non-foil","FALSE","https://img.silvie.org/cdn/cards/PRD/SR/EN-055.jpg","1","Eminence in Fury","","","shopify","g","LOWRGKMKIL","Title","Default Title"
"epicurean-institute-prd","EN-056 Epicurean Institute (C)","<p>Epicurean Institute is a common card in Grand Archive's .asphodel/paradise set.<p>","Weebs of the Shore","Arts & Entertainment > Hobbies & Creative Arts > Collectibles > Collectible Trading Cards","Trading Card","Set: PRD, Rarity: Common, Variant: Non-foil","FALSE","https://img.silvie.org/cdn/cards/PRD/C/EN-056.jpg","1","Epicurean Institute","","","shopify","g","O8R5WAG4PT","Title","Default Title"
"equip-with-courage-prd","EN-057 Equip with Courage (C)","<p>Equip with Courage is a common card in Grand Archive's .asphodel/paradise set.<p>","Weebs of the Shore","Arts & Entertainment > Hobbies & Creative Arts > Collectibles > Collectible Trading Cards","Trading Card","Set: PRD, Rarity: Common, Variant: Non-foil","FALSE","https://img.silvie.org/cdn/cards/PRD/C/EN-057.jpg","1","Equip with Courage","","","shopify","g","IALIJSORXI","Title","Default Title"
"exquisite-dessert-prd","EN-058 Exquisite Dessert (C)","<p>Exquisite Dessert is a common card in Grand Archive's .asphodel/paradise set.<p>","Weebs of the Shore","Arts & Entertainment > Hobbies & Creative Arts > Collectibles > Collectible Trading Cards","Trading Card","Set: PRD, Rarity: Common, Variant: Non-foil","FALSE","https://img.silvie.org/cdn/cards/PRD/C/EN-058.jpg","1","Exquisite Dessert","","","shopify","g","DXYCJ4RR7Z","Title","Default Title"
"forese-fervid-cantor-prd","EN-059 Forese, Fervid Cantor (SR)","<p>Forese, Fervid Cantor is a super rare card in Grand Archive's .asphodel/paradise set.<p>","Weebs of the Shore","Arts & Entertainment > Hobbies & Creative Arts > Collectibles > Collectible Trading Cards","Trading Card","Set: PRD, Rarity: Super Rare, Variant: Non-foil","FALSE","https://img.silvie.org/cdn/cards/PRD/SR/EN-059.jpg","1","Forese, Fervid Cantor","","","shopify","g","6SYQPRZGTN","Title","Default Title"
"fortification-prd","EN-060 Fortification (C)","<p>Fortification is a common card in Grand Archive's .asphodel/paradise set.<p>","Weebs of the Shore","Arts & Entertainment > Hobbies & Creative Arts > Collectibles > Collectible Trading Cards","Trading Card","Set: PRD, Rarity: Common, Variant: Non-foil","FALSE","https://img.silvie.org/cdn/cards/PRD/C/EN-060.jpg","1","Fortification","","","shopify","g","UUA0JVD1J3","Title","Default Title"
"fractal-of-insight-prd","EN-061 Fractal of Insight (C)","<p>Fractal of Insight is a common card in Grand Archive's .asphodel/paradise set.<p>","Weebs of the Shore","Arts & Entertainment > Hobbies & Creative Arts > Collectibles > Collectible Trading Cards","Trading Card","Set: PRD, Rarity: Common, Variant: Non-foil","FALSE","https://img.silvie.org/cdn/cards/PRD/C/EN-061.jpg","1","Fractal of Insight","","","shopify","g","DUAQUJ977Y","Title","Default Title"
"gear-haul-prd","EN-062 Gear Haul (R)","<p>Gear Haul is a rare card in Grand Archive's .asphodel/paradise set.<p>","Weebs of the Shore","Arts & Entertainment > Hobbies & Creative Arts > Collectibles > Collectible Trading Cards","Trading Card","Set: PRD, Rarity: Rare, Variant: Non-foil","FALSE","https://img.silvie.org/cdn/cards/PRD/R/EN-062.jpg","1","Gear Haul","","","shopify","g","MJ0DLYJKVK","Title","Default Title"
"golden-measure-patisserie-prd","EN-063 Golden Measure Patisserie (R)","<p>Golden Measure Patisserie is a rare card in Grand Archive's .asphodel/paradise set.<p>","Weebs of the Shore","Arts & Entertainment > Hobbies & Creative Arts > Collectibles > Collectible Trading Cards","Trading Card","Set: PRD, Rarity: Rare, Variant: Non-foil","FALSE","https://img.silvie.org/cdn/cards/PRD/R/EN-063.jpg","1","Golden Measure Patisserie","","","shopify","g","XOLWVZYK8H","Title","Default Title"
"gray-lupindroid-prd","EN-064 Gray Lupindroid (R)","<p>Gray Lupindroid is a rare card in Grand Archive's .asphodel/paradise set.<p>","Weebs of the Shore","Arts & Entertainment > Hobbies & Creative Arts > Collectibles > Collectible Trading Cards","Trading Card","Set: PRD, Rarity: Rare, Variant: Non-foil","FALSE","https://img.silvie.org/cdn/cards/PRD/R/EN-064.jpg","1","Gray Lupindroid","","","shopify","g","EH752K7MN9","Title","Default Title"
"hardy-veteran-prd","EN-065 Hardy Veteran (R)","<p>Hardy Veteran is a rare card in Grand Archive's .asphodel/paradise set.<p>","Weebs of the Shore","Arts & Entertainment > Hobbies & Creative Arts > Collectibles > Collectible Trading Cards","Trading Card","Set: PRD, Rarity: Rare, Variant: Non-foil","FALSE","https://img.silvie.org/cdn/cards/PRD/R/EN-065.jpg","1","Hardy Veteran","","","shopify","g","N0SSIUDBIA","Title","Default Title"
"hefty-hammering-prd","EN-066 Hefty Hammering (SR)","<p>Hefty Hammering is a super rare card in Grand Archive's .asphodel/paradise set.<p>","Weebs of the Shore","Arts & Entertainment > Hobbies & Creative Arts > Collectibles > Collectible Trading Cards","Trading Card","Set: PRD, Rarity: Super Rare, Variant: Non-foil","FALSE","https://img.silvie.org/cdn/cards/PRD/SR/EN-066.jpg","1","Hefty Hammering","","","shopify","g","V8BLHBCX6A","Title","Default Title"
"heighten-spellcraft-prd","EN-067 Heighten Spellcraft (C)","<p>Heighten Spellcraft is a common card in Grand Archive's .asphodel/paradise set.<p>","Weebs of the Shore","Arts & Entertainment > Hobbies & Creative Arts > Collectibles > Collectible Trading Cards","Trading Card","Set: PRD, Rarity: Common, Variant: Non-foil","FALSE","https://img.silvie.org/cdn/cards/PRD/C/EN-067.jpg","1","Heighten Spellcraft","","","shopify","g","EZRJYX4DW2","Title","Default Title"
"hightail-prd","EN-068 Hightail (C)","<p>Hightail is a common card in Grand Archive's .asphodel/paradise set.<p>","Weebs of the Shore","Arts & Entertainment > Hobbies & Creative Arts > Collectibles > Collectible Trading Cards","Trading Card","Set: PRD, Rarity: Common, Variant: Non-foil","FALSE","https://img.silvie.org/cdn/cards/PRD/C/EN-068.jpg","1","Hightail","","","shopify","g","RORG9JLI2C","Title","Default Title"
"honorable-vanguard-prd","EN-069 Honorable Vanguard (C)","<p>Honorable Vanguard is a common card in Grand Archive's .asphodel/paradise set.<p>","Weebs of the Shore","Arts & Entertainment > Hobbies & Creative Arts > Collectibles > Collectible Trading Cards","Trading Card","Set: PRD, Rarity: Common, Variant: Non-foil","FALSE","https://img.silvie.org/cdn/cards/PRD/C/EN-069.jpg","1","Honorable Vanguard","","","shopify","g","RKVKTXBRJL","Title","Default Title"
"hulking-rearguard-prd","EN-070 Hulking Rearguard (C)","<p>Hulking Rearguard is a common card in Grand Archive's .asphodel/paradise set.<p>","Weebs of the Shore","Arts & Entertainment > Hobbies & Creative Arts > Collectibles > Collectible Trading Cards","Trading Card","Set: PRD, Rarity: Common, Variant: Non-foil","FALSE","https://img.silvie.org/cdn/cards/PRD/C/EN-070.jpg","1","Hulking Rearguard","","","shopify","g","87RB53FM1X","Title","Default Title"
"jovial-tinkerer-prd","EN-071 Jovial Tinkerer (R)","<p>Jovial Tinkerer is a rare card in Grand Archive's .asphodel/paradise set.<p>","Weebs of the Shore","Arts & Entertainment > Hobbies & Creative Arts > Collectibles > Collectible Trading Cards","Trading Card","Set: PRD, Rarity: Rare, Variant: Non-foil","FALSE","https://img.silvie.org/cdn/cards/PRD/R/EN-071.jpg","1","Jovial Tinkerer","","","shopify","g","OKTCDZVKBR","Title","Default Title"
"lucca-gateway-manager-prd","EN-072 Lucca, Gateway Manager (SR)","<p>Lucca, Gateway Manager is a super rare card in Grand Archive's .asphodel/paradise set.<p>","Weebs of the Shore","Arts & Entertainment > Hobbies & Creative Arts > Collectibles > Collectible Trading Cards","Trading Card","Set: PRD, Rarity: Super Rare, Variant: Non-foil","FALSE","https://img.silvie.org/cdn/cards/PRD/SR/EN-072.jpg","1","Lucca, Gateway Manager","","","shopify","g","EQVL5DJS86","Title","Default Title"
"lucia-reclaimed-blight-prd","EN-073 Lucia, Reclaimed Blight (SR)","<p>Lucia, Reclaimed Blight is a super rare card in Grand Archive's .asphodel/paradise set.<p>","Weebs of the Shore","Arts & Entertainment > Hobbies & Creative Arts > Collectibles > Collectible Trading Cards","Trading Card","Set: PRD, Rarity: Super Rare, Variant: Non-foil","FALSE","https://img.silvie.org/cdn/cards/PRD/SR/EN-073.jpg","1","Lucia, Reclaimed Blight","","","shopify","g","LMQPKT9CJH","Title","Default Title"
"lurching-rogue-prd","EN-074 Lurching Rogue (C)","<p>Lurching Rogue is a common card in Grand Archive's .asphodel/paradise set.<p>","Weebs of the Shore","Arts & Entertainment > Hobbies & Creative Arts > Collectibles > Collectible Trading Cards","Trading Card","Set: PRD, Rarity: Common, Variant: Non-foil","FALSE","https://img.silvie.org/cdn/cards/PRD/C/EN-074.jpg","1","Lurching Rogue","","","shopify","g","RHLYAPEHR9","Title","Default Title"
"manufacture-cell-prd","EN-075 Manufacture Cell (C)","<p>Manufacture Cell is a common card in Grand Archive's .asphodel/paradise set.<p>","Weebs of the Shore","Arts & Entertainment > Hobbies & Creative Arts > Collectibles > Collectible Trading Cards","Trading Card","Set: PRD, Rarity: Common, Variant: Non-foil","FALSE","https://img.silvie.org/cdn/cards/PRD/C/EN-075.jpg","1","Manufacture Cell","","","shopify","g","OJLIVMTQSV","Title","Default Title"
"merciless-toss-prd","EN-076 Merciless Toss (C)","<p>Merciless Toss is a common card in Grand Archive's .asphodel/paradise set.<p>","Weebs of the Shore","Arts & Entertainment > Hobbies & Creative Arts > Collectibles > Collectible Trading Cards","Trading Card","Set: PRD, Rarity: Common, Variant: Non-foil","FALSE","https://img.silvie.org/cdn/cards/PRD/C/EN-076.jpg","1","Merciless Toss","","","shopify","g","5HHNJWZR7R","Title","Default Title"
"musical-curator-prd","EN-077 Musical Curator (R)","<p>Musical Curator is a rare card in Grand Archive's .asphodel/paradise set.<p>","Weebs of the Shore","Arts & Entertainment > Hobbies & Creative Arts > Collectibles > Collectible Trading Cards","Trading Card","Set: PRD, Rarity: Rare, Variant: Non-foil","FALSE","https://img.silvie.org/cdn/cards/PRD/R/EN-077.jpg","1","Musical Curator","","","shopify","g","XV1LEWTARV","Title","Default Title"
"nascent-blast-prd","EN-078 Nascent Blast (U)","<p>Nascent Blast is an uncommon card in Grand Archive's .asphodel/paradise set.<p>","Weebs of the Shore","Arts & Entertainment > Hobbies & Creative Arts > Collectibles > Collectible Trading Cards","Trading Card","Set: PRD, Rarity: Uncommon, Variant: Non-foil","FALSE","https://img.silvie.org/cdn/cards/PRD/U/EN-078.jpg","1","Nascent Blast","","","shopify","g","HYS7GBHTTY","Title","Default Title"
"overcharged-droid-prd","EN-080 Overcharged Droid (U)","<p>Overcharged Droid is an uncommon card in Grand Archive's .asphodel/paradise set.<p>","Weebs of the Shore","Arts & Entertainment > Hobbies & Creative Arts > Collectibles > Collectible Trading Cards","Trading Card","Set: PRD, Rarity: Uncommon, Variant: Non-foil","FALSE","https://img.silvie.org/cdn/cards/PRD/U/EN-080.jpg","1","Overcharged Droid","","","shopify","g","NDKWDVSZVY","Title","Default Title"
"performance-enthusiast-prd","EN-081 Performance Enthusiast (C)","<p>Performance Enthusiast is a common card in Grand Archive's .asphodel/paradise set.<p>","Weebs of the Shore","Arts & Entertainment > Hobbies & Creative Arts > Collectibles > Collectible Trading Cards","Trading Card","Set: PRD, Rarity: Common, Variant: Non-foil","FALSE","https://img.silvie.org/cdn/cards/PRD/C/EN-081.jpg","1","Performance Enthusiast","","","shopify","g","YPLKC7HJUW","Title","Default Title"
"plasmatech-blaster-prd","EN-082 PlasmaTech Blaster (C)","<p>PlasmaTech Blaster is a common card in Grand Archive's .asphodel/paradise set.<p>","Weebs of the Shore","Arts & Entertainment > Hobbies & Creative Arts > Collectibles > Collectible Trading Cards","Trading Card","Set: PRD, Rarity: Common, Variant: Non-foil","FALSE","https://img.silvie.org/cdn/cards/PRD/C/EN-082.jpg","1","PlasmaTech Blaster","","","shopify","g","FJNAPMU0XB","Title","Default Title"
"powercell-prd","EN-083 Powercell (C)","<p>Powercell is a common card in Grand Archive's .asphodel/paradise set.<p>","Weebs of the Shore","Arts & Entertainment > Hobbies & Creative Arts > Collectibles > Collectible Trading Cards","Trading Card","Set: PRD, Rarity: Common, Variant: Non-foil","FALSE","https://img.silvie.org/cdn/cards/PRD/C/EN-083.jpg","1","Powercell","","","shopify","g","DPAAMSXHRF","Title","Default Title"
"rampart-defender-prd","EN-084 Rampart Defender (C)","<p>Rampart Defender is a common card in Grand Archive's .asphodel/paradise set.<p>","Weebs of the Shore","Arts & Entertainment > Hobbies & Creative Arts > Collectibles > Collectible Trading Cards","Trading Card","Set: PRD, Rarity: Common, Variant: Non-foil","FALSE","https://img.silvie.org/cdn/cards/PRD/C/EN-084.jpg","1","Rampart Defender","","","shopify","g","ZQRSRFXXTL","Title","Default Title"
"signal-gunner-prd","EN-085 Signal Gunner (C)","<p>Signal Gunner is a common card in Grand Archive's .asphodel/paradise set.<p>","Weebs of the Shore","Arts & Entertainment > Hobbies & Creative Arts > Collectibles > Collectible Trading Cards","Trading Card","Set: PRD, Rarity: Common, Variant: Non-foil","FALSE","https://img.silvie.org/cdn/cards/PRD/C/EN-085.jpg","1","Signal Gunner","","","shopify","g","PYO6RQJIPV","Title","Default Title"
"signaltech-one-prd","EN-086 SignalTech One (C)","<p>SignalTech One is a common card in Grand Archive's .asphodel/paradise set.<p>","Weebs of the Shore","Arts & Entertainment > Hobbies & Creative Arts > Collectibles > Collectible Trading Cards","Trading Card","Set: PRD, Rarity: Common, Variant: Non-foil","FALSE","https://img.silvie.org/cdn/cards/PRD/C/EN-086.jpg","1","SignalTech One","","","shopify","g","ZM5THBE61M","Title","Default Title"
"sinon-babelias-companion-prd","EN-087 Sinon, Babelia's Companion (SR)","<p>Sinon, Babelia's Companion is a super rare card in Grand Archive's .asphodel/paradise set.<p>","Weebs of the Shore","Arts & Entertainment > Hobbies & Creative Arts > Collectibles > Collectible Trading Cards","Trading Card","Set: PRD, Rarity: Super Rare, Variant: Non-foil","FALSE","https://img.silvie.org/cdn/cards/PRD/SR/EN-087.jpg","1","Sinon, Babelia's Companion","","","shopify","g","0GTK7OJQ2B","Title","Default Title"
"sneaky-raccoon-prd","EN-088 Sneaky Raccoon (C)","<p>Sneaky Raccoon is a common card in Grand Archive's .asphodel/paradise set.<p>","Weebs of the Shore","Arts & Entertainment > Hobbies & Creative Arts > Collectibles > Collectible Trading Cards","Trading Card","Set: PRD, Rarity: Common, Variant: Non-foil","FALSE","https://img.silvie.org/cdn/cards/PRD/C/EN-088.jpg","1","Sneaky Raccoon","","","shopify","g","ZNCNKRP8FV","Title","Default Title"
"sordelle-unmoored-exception-prd","EN-089 Sordelle, Unmoored Exception (SR)","<p>Sordelle, Unmoored Exception is a super rare card in Grand Archive's .asphodel/paradise set.<p>","Weebs of the Shore","Arts & Entertainment > Hobbies & Creative Arts > Collectibles > Collectible Trading Cards","Trading Card","Set: PRD, Rarity: Super Rare, Variant: Non-foil","FALSE","https://img.silvie.org/cdn/cards/PRD/SR/EN-089.jpg","1","Sordelle, Unmoored Exception","","","shopify","g","PZ7DVJUS2G","Title","Default Title"
"stabilizing-bladecore-prd","EN-090 Stabilizing BladeCore (U)","<p>Stabilizing BladeCore is an uncommon card in Grand Archive's .asphodel/paradise set.<p>","Weebs of the Shore","Arts & Entertainment > Hobbies & Creative Arts > Collectibles > Collectible Trading Cards","Trading Card","Set: PRD, Rarity: Uncommon, Variant: Non-foil","FALSE","https://img.silvie.org/cdn/cards/PRD/U/EN-090.jpg","1","Stabilizing BladeCore","","","shopify","g","GVDIZQLCA9","Title","Default Title"
"steady-verse-prd","EN-091 Steady Verse (C)","<p>Steady Verse is a common card in Grand Archive's .asphodel/paradise set.<p>","Weebs of the Shore","Arts & Entertainment > Hobbies & Creative Arts > Collectibles > Collectible Trading Cards","Trading Card","Set: PRD, Rarity: Common, Variant: Non-foil","FALSE","https://img.silvie.org/cdn/cards/PRD/C/EN-091.jpg","1","Steady Verse","","","shopify","g","QO1LGTSDSF","Title","Default Title"
"sturdy-droid-prd","EN-092 Sturdy Droid (C)","<p>Sturdy Droid is a common card in Grand Archive's .asphodel/paradise set.<p>","Weebs of the Shore","Arts & Entertainment > Hobbies & Creative Arts > Collectibles > Collectible Trading Cards","Trading Card","Set: PRD, Rarity: Common, Variant: Non-foil","FALSE","https://img.silvie.org/cdn/cards/PRD/C/EN-092.jpg","1","Sturdy Droid","","","shopify","g","V3FAR0ROG4","Title","Default Title"
"tower-of-dis-prd","EN-093 Tower of Dis (R)","<p>Tower of Dis is a rare card in Grand Archive's .asphodel/paradise set.<p>","Weebs of the Shore","Arts & Entertainment > Hobbies & Creative Arts > Collectibles > Collectible Trading Cards","Trading Card","Set: PRD, Rarity: Rare, Variant: Non-foil","FALSE","https://img.silvie.org/cdn/cards/PRD/R/EN-093.jpg","1","Tower of Dis","","","shopify","g","MPOMTQEJGM","Title","Default Title"
"trained-birdroid-prd","EN-094 Trained Birdroid (U)","<p>Trained Birdroid is an uncommon card in Grand Archive's .asphodel/paradise set.<p>","Weebs of the Shore","Arts & Entertainment > Hobbies & Creative Arts > Collectibles > Collectible Trading Cards","Trading Card","Set: PRD, Rarity: Uncommon, Variant: Non-foil","FALSE","https://img.silvie.org/cdn/cards/PRD/U/EN-094.jpg","1","Trained Birdroid","","","shopify","g","CTNGEQT0VB","Title","Default Title"
"unbroken-droid-prd","EN-095 Unbroken Droid (C)","<p>Unbroken Droid is a common card in Grand Archive's .asphodel/paradise set.<p>","Weebs of the Shore","Arts & Entertainment > Hobbies & Creative Arts > Collectibles > Collectible Trading Cards","Trading Card","Set: PRD, Rarity: Common, Variant: Non-foil","FALSE","https://img.silvie.org/cdn/cards/PRD/C/EN-095.jpg","1","Unbroken Droid","","","shopify","g","S8N5BVQFAT","Title","Default Title"
"uncanny-realization-prd","EN-096 Uncanny Realization (C)","<p>Uncanny Realization is a common card in Grand Archive's .asphodel/paradise set.<p>","Weebs of the Shore","Arts & Entertainment > Hobbies & Creative Arts > Collectibles > Collectible Trading Cards","Trading Card","Set: PRD, Rarity: Common, Variant: Non-foil","FALSE","https://img.silvie.org/cdn/cards/PRD/C/EN-096.jpg","1","Uncanny Realization","","","shopify","g","ZUDTPFAGKW","Title","Default Title"
"veltech-armiger-prd","EN-097 VelTech Armiger (U)","<p>VelTech Armiger is an uncommon card in Grand Archive's .asphodel/paradise set.<p>","Weebs of the Shore","Arts & Entertainment > Hobbies & Creative Arts > Collectibles > Collectible Trading Cards","Trading Card","Set: PRD, Rarity: Uncommon, Variant: Non-foil","FALSE","https://img.silvie.org/cdn/cards/PRD/U/EN-097.jpg","1","VelTech Armiger","","","shopify","g","ZHAF5PSBFG","Title","Default Title"
"veltech-gear-hoarder-prd","EN-098 VelTech Gear Hoarder (R)","<p>VelTech Gear Hoarder is a rare card in Grand Archive's .asphodel/paradise set.<p>","Weebs of the Shore","Arts & Entertainment > Hobbies & Creative Arts > Collectibles > Collectible Trading Cards","Trading Card","Set: PRD, Rarity: Rare, Variant: Non-foil","FALSE","https://img.silvie.org/cdn/cards/PRD/R/EN-098.jpg","1","VelTech Gear Hoarder","","","shopify","g","VPVUUVPJIC","Title","Default Title"
"veltech-qa-tester-prd","EN-099 VelTech QA Tester (U)","<p>VelTech QA Tester is an uncommon card in Grand Archive's .asphodel/paradise set.<p>","Weebs of the Shore","Arts & Entertainment > Hobbies & Creative Arts > Collectibles > Collectible Trading Cards","Trading Card","Set: PRD, Rarity: Uncommon, Variant: Non-foil","FALSE","https://img.silvie.org/cdn/cards/PRD/U/EN-099.jpg","1","VelTech QA Tester","","","shopify","g","YG1NFIEUSC","Title","Default Title"
"where-futures-stir-prd","EN-101 Where Futures Stir (U)","<p>Where Futures Stir is an uncommon card in Grand Archive's .asphodel/paradise set.<p>","Weebs of the Shore","Arts & Entertainment > Hobbies & Creative Arts > Collectibles > Collectible Trading Cards","Trading Card","Set: PRD, Rarity: Uncommon, Variant: Non-foil","FALSE","https://img.silvie.org/cdn/cards/PRD/U/EN-101.jpg","1","Where Futures Stir","","","shopify","g","JXVWXDEF0F","Title","Default Title"
"wicked-gildbreaker-prd","EN-102 Wicked Gildbreaker (SR)","<p>Wicked Gildbreaker is a super rare card in Grand Archive's .asphodel/paradise set.<p>","Weebs of the Shore","Arts & Entertainment > Hobbies & Creative Arts > Collectibles > Collectible Trading Cards","Trading Card","Set: PRD, Rarity: Super Rare, Variant: Non-foil","FALSE","https://img.silvie.org/cdn/cards/PRD/SR/EN-102.jpg","1","Wicked Gildbreaker","","","shopify","g","9BGMARRGSY","Title","Default Title"
"zena-echo-weaver-prd","EN-103 ZENA, Echo Weaver (SR)","<p>ZENA, Echo Weaver is a super rare card in Grand Archive's .asphodel/paradise set.<p>","Weebs of the Shore","Arts & Entertainment > Hobbies & Creative Arts > Collectibles > Collectible Trading Cards","Trading Card","Set: PRD, Rarity: Super Rare, Variant: Non-foil","FALSE","https://img.silvie.org/cdn/cards/PRD/SR/EN-103.jpg","1","ZENA, Echo Weaver","","","shopify","g","FOSXINJL3V","Title","Default Title"
"aenean-flurry-of-fire-prd","EN-104 Aenean Flurry of Fire (R)","<p>Aenean Flurry of Fire is a rare card in Grand Archive's .asphodel/paradise set.<p>","Weebs of the Shore","Arts & Entertainment > Hobbies & Creative Arts > Collectibles > Collectible Trading Cards","Trading Card","Set: PRD, Rarity: Rare, Variant: Non-foil","FALSE","https://img.silvie.org/cdn/cards/PRD/R/EN-104.jpg","1","Aenean Flurry of Fire","","","shopify","g","DYAZLCBLNN","Title","Default Title"
"aenean-guttering-flames-prd","EN-105 Aenean Guttering Flames (R)","<p>Aenean Guttering Flames is a rare card in Grand Archive's .asphodel/paradise set.<p>","Weebs of the Shore","Arts & Entertainment > Hobbies & Creative Arts > Collectibles > Collectible Trading Cards","Trading Card","Set: PRD, Rarity: Rare, Variant: Non-foil","FALSE","https://img.silvie.org/cdn/cards/PRD/R/EN-105.jpg","1","Aenean Guttering Flames","","","shopify","g","UDX4LSALL3","Title","Default Title"
"aenean-pointed-flare-prd","EN-106 Aenean Pointed Flare (C)","<p>Aenean Pointed Flare is a common card in Grand Archive's .asphodel/paradise set.<p>","Weebs of the Shore","Arts & Entertainment > Hobbies & Creative Arts > Collectibles > Collectible Trading Cards","Trading Card","Set: PRD, Rarity: Common, Variant: Non-foil","FALSE","https://img.silvie.org/cdn/cards/PRD/C/EN-106.jpg","1","Aenean Pointed Flare","","","shopify","g","A7XYRRLMJE","Title","Default Title"
"aenean-scorching-comet-prd","EN-107 Aenean Scorching Comet (C)","<p>Aenean Scorching Comet is a common card in Grand Archive's .asphodel/paradise set.<p>","Weebs of the Shore","Arts & Entertainment > Hobbies & Creative Arts > Collectibles > Collectible Trading Cards","Trading Card","Set: PRD, Rarity: Common, Variant: Non-foil","FALSE","https://img.silvie.org/cdn/cards/PRD/C/EN-107.jpg","1","Aenean Scorching Comet","","","shopify","g","LBOYDFA3HS","Title","Default Title"
"aenean-spark-alight-prd","EN-108 Aenean Spark Alight (C)","<p>Aenean Spark Alight is a common card in Grand Archive's .asphodel/paradise set.<p>","Weebs of the Shore","Arts & Entertainment > Hobbies & Creative Arts > Collectibles > Collectible Trading Cards","Trading Card","Set: PRD, Rarity: Common, Variant: Non-foil","FALSE","https://img.silvie.org/cdn/cards/PRD/C/EN-108.jpg","1","Aenean Spark Alight","","","shopify","g","V9WDEL1ZT7","Title","Default Title"
"blistering-insurgent-prd","EN-109 Blistering Insurgent (C)","<p>Blistering Insurgent is a common card in Grand Archive's .asphodel/paradise set.<p>","Weebs of the Shore","Arts & Entertainment > Hobbies & Creative Arts > Collectibles > Collectible Trading Cards","Trading Card","Set: PRD, Rarity: Common, Variant: Non-foil","FALSE","https://img.silvie.org/cdn/cards/PRD/C/EN-109.jpg","1","Blistering Insurgent","","","shopify","g","LO7WQE2IBP","Title","Default Title"
"cooktech-mixer-prd","EN-110 CookTech Mixer (C)","<p>CookTech Mixer is a common card in Grand Archive's .asphodel/paradise set.<p>","Weebs of the Shore","Arts & Entertainment > Hobbies & Creative Arts > Collectibles > Collectible Trading Cards","Trading Card","Set: PRD, Rarity: Common, Variant: Non-foil","FALSE","https://img.silvie.org/cdn/cards/PRD/C/EN-110.jpg","1","CookTech Mixer","","","shopify","g","BUISXN3ZNJ","Title","Default Title"
"creative-tinder-prd","EN-111 Creative Tinder (C)","<p>Creative Tinder is a common card in Grand Archive's .asphodel/paradise set.<p>","Weebs of the Shore","Arts & Entertainment > Hobbies & Creative Arts > Collectibles > Collectible Trading Cards","Trading Card","Set: PRD, Rarity: Common, Variant: Non-foil","FALSE","https://img.silvie.org/cdn/cards/PRD/C/EN-111.jpg","1","Creative Tinder","","","shopify","g","LLU4X8YSBZ","Title","Default Title"
"demons-bargain-prd","EN-112 Demon's Bargain (R)","<p>Demon's Bargain is a rare card in Grand Archive's .asphodel/paradise set.<p>","Weebs of the Shore","Arts & Entertainment > Hobbies & Creative Arts > Collectibles > Collectible Trading Cards","Trading Card","Set: PRD, Rarity: Rare, Variant: Non-foil","FALSE","https://img.silvie.org/cdn/cards/PRD/R/EN-112.jpg","1","Demon's Bargain","","","shopify","g","SNUU7F2Q9K","Title","Default Title"
"emberslash-prd","EN-113 Emberslash (C)","<p>Emberslash is a common card in Grand Archive's .asphodel/paradise set.<p>","Weebs of the Shore","Arts & Entertainment > Hobbies & Creative Arts > Collectibles > Collectible Trading Cards","Trading Card","Set: PRD, Rarity: Common, Variant: Non-foil","FALSE","https://img.silvie.org/cdn/cards/PRD/C/EN-113.jpg","1","Emberslash","","","shopify","g","MJ3UEQCAXQ","Title","Default Title"
"escharotomy-prd","EN-114 Escharotomy (U)","<p>Escharotomy is an uncommon card in Grand Archive's .asphodel/paradise set.<p>","Weebs of the Shore","Arts & Entertainment > Hobbies & Creative Arts > Collectibles > Collectible Trading Cards","Trading Card","Set: PRD, Rarity: Uncommon, Variant: Non-foil","FALSE","https://img.silvie.org/cdn/cards/PRD/U/EN-114.jpg","1","Escharotomy","","","shopify","g","LLVMENO7U7","Title","Default Title"
"flametech-bladecore-prd","EN-115 FlameTech BladeCore (R)","<p>FlameTech BladeCore is a rare card in Grand Archive's .asphodel/paradise set.<p>","Weebs of the Shore","Arts & Entertainment > Hobbies & Creative Arts > Collectibles > Collectible Trading Cards","Trading Card","Set: PRD, Rarity: Rare, Variant: Non-foil","FALSE","https://img.silvie.org/cdn/cards/PRD/R/EN-115.jpg","1","FlameTech BladeCore","","","shopify","g","BVVGBRADXT","Title","Default Title"
"flametech-shield-prd","EN-116 FlameTech Shield (C)","<p>FlameTech Shield is a common card in Grand Archive's .asphodel/paradise set.<p>","Weebs of the Shore","Arts & Entertainment > Hobbies & Creative Arts > Collectibles > Collectible Trading Cards","Trading Card","Set: PRD, Rarity: Common, Variant: Non-foil","FALSE","https://img.silvie.org/cdn/cards/PRD/C/EN-116.jpg","1","FlameTech Shield","","","shopify","g","SLILLOU1XH","Title","Default Title"
"fling-food-prd","EN-117 Fling Food (U)","<p>Fling Food is an uncommon card in Grand Archive's .asphodel/paradise set.<p>","Weebs of the Shore","Arts & Entertainment > Hobbies & Creative Arts > Collectibles > Collectible Trading Cards","Trading Card","Set: PRD, Rarity: Uncommon, Variant: Non-foil","FALSE","https://img.silvie.org/cdn/cards/PRD/U/EN-117.jpg","1","Fling Food","","","shopify","g","KJX4GCOVVO","Title","Default Title"
"focused-flames-prd","EN-118 Focused Flames (C)","<p>Focused Flames is a common card in Grand Archive's .asphodel/paradise set.<p>","Weebs of the Shore","Arts & Entertainment > Hobbies & Creative Arts > Collectibles > Collectible Trading Cards","Trading Card","Set: PRD, Rarity: Common, Variant: Non-foil","FALSE","https://img.silvie.org/cdn/cards/PRD/C/EN-118.jpg","1","Focused Flames","","","shopify","g","UDFKWOMIB7","Title","Default Title"
"fran-carmine-spark-prd","EN-119 Fran, Carmine Spark (SR)","<p>Fran, Carmine Spark is a super rare card in Grand Archive's .asphodel/paradise set.<p>","Weebs of the Shore","Arts & Entertainment > Hobbies & Creative Arts > Collectibles > Collectible Trading Cards","Trading Card","Set: PRD, Rarity: Super Rare, Variant: Non-foil","FALSE","https://img.silvie.org/cdn/cards/PRD/SR/EN-119.jpg","1","Fran, Carmine Spark","","","shopify","g","EBXIJBJ11R","Title","Default Title"
"hot-cake-prd","EN-120 Hot Cake (C)","<p>Hot Cake is a common card in Grand Archive's .asphodel/paradise set.<p>","Weebs of the Shore","Arts & Entertainment > Hobbies & Creative Arts > Collectibles > Collectible Trading Cards","Trading Card","Set: PRD, Rarity: Common, Variant: Non-foil","FALSE","https://img.silvie.org/cdn/cards/PRD/C/EN-120.jpg","1","Hot Cake","","","shopify","g","1W0SJDZIVQ","Title","Default Title"
"incinerator-felindroid-prd","EN-121 Incinerator Felindroid (R)","<p>Incinerator Felindroid is a rare card in Grand Archive's .asphodel/paradise set.<p>","Weebs of the Shore","Arts & Entertainment > Hobbies & Creative Arts > Collectibles > Collectible Trading Cards","Trading Card","Set: PRD, Rarity: Rare, Variant: Non-foil","FALSE","https://img.silvie.org/cdn/cards/PRD/R/EN-121.jpg","1","Incinerator Felindroid","","","shopify","g","DPLQYV7ZZD","Title","Default Title"
"inflamed-bladehand-prd","EN-122 Inflamed Bladehand (R)","<p>Inflamed Bladehand is a rare card in Grand Archive's .asphodel/paradise set.<p>","Weebs of the Shore","Arts & Entertainment > Hobbies & Creative Arts > Collectibles > Collectible Trading Cards","Trading Card","Set: PRD, Rarity: Rare, Variant: Non-foil","FALSE","https://img.silvie.org/cdn/cards/PRD/R/EN-122.jpg","1","Inflamed Bladehand","","","shopify","g","1MUDST76QU","Title","Default Title"
"leran-pastoral-hymns-prd","EN-123 Leran, Pastoral Hymns (SR)","<p>Leran, Pastoral Hymns is a super rare card in Grand Archive's .asphodel/paradise set.<p>","Weebs of the Shore","Arts & Entertainment > Hobbies & Creative Arts > Collectibles > Collectible Trading Cards","Trading Card","Set: PRD, Rarity: Super Rare, Variant: Non-foil","FALSE","https://img.silvie.org/cdn/cards/PRD/SR/EN-123.jpg","1","Leran, Pastoral Hymns","","","shopify","g","OCD7FJAGXB","Title","Default Title"
"molten-impact-prd","EN-124 Molten Impact (U)","<p>Molten Impact is an uncommon card in Grand Archive's .asphodel/paradise set.<p>","Weebs of the Shore","Arts & Entertainment > Hobbies & Creative Arts > Collectibles > Collectible Trading Cards","Trading Card","Set: PRD, Rarity: Uncommon, Variant: Non-foil","FALSE","https://img.silvie.org/cdn/cards/PRD/U/EN-124.jpg","1","Molten Impact","","","shopify","g","C2ROW0E8SL","Title","Default Title"
"outfitted-ravager-prd","EN-125 Outfitted Ravager (R)","<p>Outfitted Ravager is a rare card in Grand Archive's .asphodel/paradise set.<p>","Weebs of the Shore","Arts & Entertainment > Hobbies & Creative Arts > Collectibles > Collectible Trading Cards","Trading Card","Set: PRD, Rarity: Rare, Variant: Non-foil","FALSE","https://img.silvie.org/cdn/cards/PRD/R/EN-125.jpg","1","Outfitted Ravager","","","shopify","g","MQGEUPA1I5","Title","Default Title"
"package-courier-prd","EN-126 Package Courier (C)","<p>Package Courier is a common card in Grand Archive's .asphodel/paradise set.<p>","Weebs of the Shore","Arts & Entertainment > Hobbies & Creative Arts > Collectibles > Collectible Trading Cards","Trading Card","Set: PRD, Rarity: Common, Variant: Non-foil","FALSE","https://img.silvie.org/cdn/cards/PRD/C/EN-126.jpg","1","Package Courier","","","shopify","g","MTVKQPHETI","Title","Default Title"
"plutus-fortunes-favor-prd","EN-127 Plutus, Fortune's Favor (SR)","<p>Plutus, Fortune's Favor is a super rare card in Grand Archive's .asphodel/paradise set.<p>","Weebs of the Shore","Arts & Entertainment > Hobbies & Creative Arts > Collectibles > Collectible Trading Cards","Trading Card","Set: PRD, Rarity: Super Rare, Variant: Non-foil","FALSE","https://img.silvie.org/cdn/cards/PRD/SR/EN-127.jpg","1","Plutus, Fortune's Favor","","","shopify","g","NLSG4DUAVK","Title","Default Title"
"pyrolysis-sage-prd","EN-128 Pyrolysis Sage (C)","<p>Pyrolysis Sage is a common card in Grand Archive's .asphodel/paradise set.<p>","Weebs of the Shore","Arts & Entertainment > Hobbies & Creative Arts > Collectibles > Collectible Trading Cards","Trading Card","Set: PRD, Rarity: Common, Variant: Non-foil","FALSE","https://img.silvie.org/cdn/cards/PRD/C/EN-128.jpg","1","Pyrolysis Sage","","","shopify","g","U38BROTHCL","Title","Default Title"
"rampant-bladehand-prd","EN-129 Rampant Bladehand (U)","<p>Rampant Bladehand is an uncommon card in Grand Archive's .asphodel/paradise set.<p>","Weebs of the Shore","Arts & Entertainment > Hobbies & Creative Arts > Collectibles > Collectible Trading Cards","Trading Card","Set: PRD, Rarity: Uncommon, Variant: Non-foil","FALSE","https://img.silvie.org/cdn/cards/PRD/U/EN-129.jpg","1","Rampant Bladehand","","","shopify","g","0IWIHF3WT8","Title","Default Title"
"rig-for-detonation-prd","EN-130 Rig for Detonation (C)","<p>Rig for Detonation is a common card in Grand Archive's .asphodel/paradise set.<p>","Weebs of the Shore","Arts & Entertainment > Hobbies & Creative Arts > Collectibles > Collectible Trading Cards","Trading Card","Set: PRD, Rarity: Common, Variant: Non-foil","FALSE","https://img.silvie.org/cdn/cards/PRD/C/EN-130.jpg","1","Rig for Detonation","","","shopify","g","ATVOSBK4AE","Title","Default Title"
"scars-of-old-prd","EN-131 Scars of Old (C)","<p>Scars of Old is a common card in Grand Archive's .asphodel/paradise set.<p>","Weebs of the Shore","Arts & Entertainment > Hobbies & Creative Arts > Collectibles > Collectible Trading Cards","Trading Card","Set: PRD, Rarity: Common, Variant: Non-foil","FALSE","https://img.silvie.org/cdn/cards/PRD/C/EN-131.jpg","1","Scars of Old","","","shopify","g","7CBVJ9VAN3","Title","Default Title"
"singed-emotions-prd","EN-132 Singed Emotions (R)","<p>Singed Emotions is a rare card in Grand Archive's .asphodel/paradise set.<p>","Weebs of the Shore","Arts & Entertainment > Hobbies & Creative Arts > Collectibles > Collectible Trading Cards","Trading Card","Set: PRD, Rarity: Rare, Variant: Non-foil","FALSE","https://img.silvie.org/cdn/cards/PRD/R/EN-132.jpg","1","Singed Emotions","","","shopify","g","CHTRPEY4PY","Title","Default Title"
"smoldering-cook-prd","EN-133 Smoldering Cook (U)","<p>Smoldering Cook is an uncommon card in Grand Archive's .asphodel/paradise set.<p>","Weebs of the Shore","Arts & Entertainment > Hobbies & Creative Arts > Collectibles > Collectible Trading Cards","Trading Card","Set: PRD, Rarity: Uncommon, Variant: Non-foil","FALSE","https://img.silvie.org/cdn/cards/PRD/U/EN-133.jpg","1","Smoldering Cook","","","shopify","g","IP8AFYVTCT","Title","Default Title"
"stoked-slice-prd","EN-134 Stoked Slice (U)","<p>Stoked Slice is an uncommon card in Grand Archive's .asphodel/paradise set.<p>","Weebs of the Shore","Arts & Entertainment > Hobbies & Creative Arts > Collectibles > Collectible Trading Cards","Trading Card","Set: PRD, Rarity: Uncommon, Variant: Non-foil","FALSE","https://img.silvie.org/cdn/cards/PRD/U/EN-134.jpg","1","Stoked Slice","","","shopify","g","E378PVPTML","Title","Default Title"
"thermal-break-prd","EN-135 Thermal Break (U)","<p>Thermal Break is an uncommon card in Grand Archive's .asphodel/paradise set.<p>","Weebs of the Shore","Arts & Entertainment > Hobbies & Creative Arts > Collectibles > Collectible Trading Cards","Trading Card","Set: PRD, Rarity: Uncommon, Variant: Non-foil","FALSE","https://img.silvie.org/cdn/cards/PRD/U/EN-135.jpg","1","Thermal Break","","","shopify","g","VLSIY9GM2I","Title","Default Title"
"tindered-soldier-prd","EN-136 Tindered Soldier (C)","<p>Tindered Soldier is a common card in Grand Archive's .asphodel/paradise set.<p>","Weebs of the Shore","Arts & Entertainment > Hobbies & Creative Arts > Collectibles > Collectible Trading Cards","Trading Card","Set: PRD, Rarity: Common, Variant: Non-foil","FALSE","https://img.silvie.org/cdn/cards/PRD/C/EN-136.jpg","1","Tindered Soldier","","","shopify","g","LXAPWWUDJS","Title","Default Title"
"velocity-punch-prd","EN-137 Vel-ocity Punch (U)","<p>Vel-ocity Punch is an uncommon card in Grand Archive's .asphodel/paradise set.<p>","Weebs of the Shore","Arts & Entertainment > Hobbies & Creative Arts > Collectibles > Collectible Trading Cards","Trading Card","Set: PRD, Rarity: Uncommon, Variant: Non-foil","FALSE","https://img.silvie.org/cdn/cards/PRD/U/EN-137.jpg","1","Vel-ocity Punch","","","shopify","g","M6YMZVJDIU","Title","Default Title"
"acheron-express-officer-prd","EN-138 Acheron Express Officer (C)","<p>Acheron Express Officer is a common card in Grand Archive's .asphodel/paradise set.<p>","Weebs of the Shore","Arts & Entertainment > Hobbies & Creative Arts > Collectibles > Collectible Trading Cards","Trading Card","Set: PRD, Rarity: Common, Variant: Non-foil","FALSE","https://img.silvie.org/cdn/cards/PRD/C/EN-138.jpg","1","Acheron Express Officer","","","shopify","g","VBFAXH52U3","Title","Default Title"
"aenean-cryosalvo-prd","EN-139 Aenean Cryosalvo (R)","<p>Aenean Cryosalvo is a rare card in Grand Archive's .asphodel/paradise set.<p>","Weebs of the Shore","Arts & Entertainment > Hobbies & Creative Arts > Collectibles > Collectible Trading Cards","Trading Card","Set: PRD, Rarity: Rare, Variant: Non-foil","FALSE","https://img.silvie.org/cdn/cards/PRD/R/EN-139.jpg","1","Aenean Cryosalvo","","","shopify","g","DNWIRU9HPE","Title","Default Title"
"aenean-crystallization-prd","EN-140 Aenean Crystallization (R)","<p>Aenean Crystallization is a rare card in Grand Archive's .asphodel/paradise set.<p>","Weebs of the Shore","Arts & Entertainment > Hobbies & Creative Arts > Collectibles > Collectible Trading Cards","Trading Card","Set: PRD, Rarity: Rare, Variant: Non-foil","FALSE","https://img.silvie.org/cdn/cards/PRD/R/EN-140.jpg","1","Aenean Crystallization","","","shopify","g","TUGKLL3SPI","Title","Default Title"
"aenean-frostlance-prd","EN-141 Aenean Frostlance (U)","<p>Aenean Frostlance is an uncommon card in Grand Archive's .asphodel/paradise set.<p>","Weebs of the Shore","Arts & Entertainment > Hobbies & Creative Arts > Collectibles > Collectible Trading Cards","Trading Card","Set: PRD, Rarity: Uncommon, Variant: Non-foil","FALSE","https://img.silvie.org/cdn/cards/PRD/U/EN-141.jpg","1","Aenean Frostlance","","","shopify","g","FO97YIIBTZ","Title","Default Title"
"aenean-frozen-shunt-prd","EN-142 Aenean Frozen Shunt (U)","<p>Aenean Frozen Shunt is an uncommon card in Grand Archive's .asphodel/paradise set.<p>","Weebs of the Shore","Arts & Entertainment > Hobbies & Creative Arts > Collectibles > Collectible Trading Cards","Trading Card","Set: PRD, Rarity: Uncommon, Variant: Non-foil","FALSE","https://img.silvie.org/cdn/cards/PRD/U/EN-142.jpg","1","Aenean Frozen Shunt","","","shopify","g","KNZTPB8W0T","Title","Default Title"
"aenean-swelling-tides-prd","EN-143 Aenean Swelling Tides (U)","<p>Aenean Swelling Tides is an uncommon card in Grand Archive's .asphodel/paradise set.<p>","Weebs of the Shore","Arts & Entertainment > Hobbies & Creative Arts > Collectibles > Collectible Trading Cards","Trading Card","Set: PRD, Rarity: Uncommon, Variant: Non-foil","FALSE","https://img.silvie.org/cdn/cards/PRD/U/EN-143.jpg","1","Aenean Swelling Tides","","","shopify","g","FUKCUGECCS","Title","Default Title"
"aquatech-shell-prd","EN-144 AquaTech Shell (R)","<p>AquaTech Shell is a rare card in Grand Archive's .asphodel/paradise set.<p>","Weebs of the Shore","Arts & Entertainment > Hobbies & Creative Arts > Collectibles > Collectible Trading Cards","Trading Card","Set: PRD, Rarity: Rare, Variant: Non-foil","FALSE","https://img.silvie.org/cdn/cards/PRD/R/EN-144.jpg","1","AquaTech Shell","","","shopify","g","8ONKD1SWBJ","Title","Default Title"
"aquatech-shield-prd","EN-145 AquaTech Shield (C)","<p>AquaTech Shield is a common card in Grand Archive's .asphodel/paradise set.<p>","Weebs of the Shore","Arts & Entertainment > Hobbies & Creative Arts > Collectibles > Collectible Trading Cards","Trading Card","Set: PRD, Rarity: Common, Variant: Non-foil","FALSE","https://img.silvie.org/cdn/cards/PRD/C/EN-145.jpg","1","AquaTech Shield","","","shopify","g","8A8DVIQG2C","Title","Default Title"
"aquaveil-ambusher-prd","EN-146 Aquaveil Ambusher (U)","<p>Aquaveil Ambusher is an uncommon card in Grand Archive's .asphodel/paradise set.<p>","Weebs of the Shore","Arts & Entertainment > Hobbies & Creative Arts > Collectibles > Collectible Trading Cards","Trading Card","Set: PRD, Rarity: Uncommon, Variant: Non-foil","FALSE","https://img.silvie.org/cdn/cards/PRD/U/EN-146.jpg","1","Aquaveil Ambusher","","","shopify","g","HMOR1AA3NK","Title","Default Title"
"augustine-votary-of-yore-prd","EN-147 Augustine, Votary of Yore (SR)","<p>Augustine, Votary of Yore is a super rare card in Grand Archive's .asphodel/paradise set.<p>","Weebs of the Shore","Arts & Entertainment > Hobbies & Creative Arts > Collectibles > Collectible Trading Cards","Trading Card","Set: PRD, Rarity: Super Rare, Variant: Non-foil","FALSE","https://img.silvie.org/cdn/cards/PRD/SR/EN-147.jpg","1","Augustine, Votary of Yore","","","shopify","g","8OZ2GRGE2S","Title","Default Title"
"bifurcating-fractal-prd","EN-148 Bifurcating Fractal (R)","<p>Bifurcating Fractal is a rare card in Grand Archive's .asphodel/paradise set.<p>","Weebs of the Shore","Arts & Entertainment > Hobbies & Creative Arts > Collectibles > Collectible Trading Cards","Trading Card","Set: PRD, Rarity: Rare, Variant: Non-foil","FALSE","https://img.silvie.org/cdn/cards/PRD/R/EN-148.jpg","1","Bifurcating Fractal","","","shopify","g","9BJBIQPIB5","Title","Default Title"
"breakwater-cadet-prd","EN-149 Breakwater Cadet (U)","<p>Breakwater Cadet is an uncommon card in Grand Archive's .asphodel/paradise set.<p>","Weebs of the Shore","Arts & Entertainment > Hobbies & Creative Arts > Collectibles > Collectible Trading Cards","Trading Card","Set: PRD, Rarity: Uncommon, Variant: Non-foil","FALSE","https://img.silvie.org/cdn/cards/PRD/U/EN-149.jpg","1","Breakwater Cadet","","","shopify","g","S9BDROWEJL","Title","Default Title"
"cellwarden-droid-prd","EN-150 Cellwarden Droid (U)","<p>Cellwarden Droid is an uncommon card in Grand Archive's .asphodel/paradise set.<p>","Weebs of the Shore","Arts & Entertainment > Hobbies & Creative Arts > Collectibles > Collectible Trading Cards","Trading Card","Set: PRD, Rarity: Uncommon, Variant: Non-foil","FALSE","https://img.silvie.org/cdn/cards/PRD/U/EN-150.jpg","1","Cellwarden Droid","","","shopify","g","0SWZYX2C6G","Title","Default Title"
"cryogenic-ritual-prd","EN-151 Cryogenic Ritual (U)","<p>Cryogenic Ritual is an uncommon card in Grand Archive's .asphodel/paradise set.<p>","Weebs of the Shore","Arts & Entertainment > Hobbies & Creative Arts > Collectibles > Collectible Trading Cards","Trading Card","Set: PRD, Rarity: Uncommon, Variant: Non-foil","FALSE","https://img.silvie.org/cdn/cards/PRD/U/EN-151.jpg","1","Cryogenic Ritual","","","shopify","g","4BCYT9HTIO","Title","Default Title"
"current-groover-prd","EN-152 Current Groover (U)","<p>Current Groover is an uncommon card in Grand Archive's .asphodel/paradise set.<p>","Weebs of the Shore","Arts & Entertainment > Hobbies & Creative Arts > Collectibles > Collectible Trading Cards","Trading Card","Set: PRD, Rarity: Uncommon, Variant: Non-foil","FALSE","https://img.silvie.org/cdn/cards/PRD/U/EN-152.jpg","1","Current Groover","","","shopify","g","U2OKHRTDBB","Title","Default Title"
"fountain-bladehand-prd","EN-153 Fountain Bladehand (C)","<p>Fountain Bladehand is a common card in Grand Archive's .asphodel/paradise set.<p>","Weebs of the Shore","Arts & Entertainment > Hobbies & Creative Arts > Collectibles > Collectible Trading Cards","Trading Card","Set: PRD, Rarity: Common, Variant: Non-foil","FALSE","https://img.silvie.org/cdn/cards/PRD/C/EN-153.jpg","1","Fountain Bladehand","","","shopify","g","N2QQ3WRQMU","Title","Default Title"
"frigid-embrittlement-prd","EN-154 Frigid Embrittlement (C)","<p>Frigid Embrittlement is a common card in Grand Archive's .asphodel/paradise set.<p>","Weebs of the Shore","Arts & Entertainment > Hobbies & Creative Arts > Collectibles > Collectible Trading Cards","Trading Card","Set: PRD, Rarity: Common, Variant: Non-foil","FALSE","https://img.silvie.org/cdn/cards/PRD/C/EN-154.jpg","1","Frigid Embrittlement","","","shopify","g","KIW9MQ0C9O","Title","Default Title"
"frostbind-prd","EN-155 Frostbind (C)","<p>Frostbind is a common card in Grand Archive's .asphodel/paradise set.<p>","Weebs of the Shore","Arts & Entertainment > Hobbies & Creative Arts > Collectibles > Collectible Trading Cards","Trading Card","Set: PRD, Rarity: Common, Variant: Non-foil","FALSE","https://img.silvie.org/cdn/cards/PRD/C/EN-155.jpg","1","Frostbind","","","shopify","g","UPH3LHS6XE","Title","Default Title"
"hydrating-fractal-prd","EN-156 Hydrating Fractal (C)","<p>Hydrating Fractal is a common card in Grand Archive's .asphodel/paradise set.<p>","Weebs of the Shore","Arts & Entertainment > Hobbies & Creative Arts > Collectibles > Collectible Trading Cards","Trading Card","Set: PRD, Rarity: Common, Variant: Non-foil","FALSE","https://img.silvie.org/cdn/cards/PRD/C/EN-156.jpg","1","Hydrating Fractal","","","shopify","g","4CKR3QHFRK","Title","Default Title"
"hydrocask-droid-prd","EN-157 Hydrocask Droid (C)","<p>Hydrocask Droid is a common card in Grand Archive's .asphodel/paradise set.<p>","Weebs of the Shore","Arts & Entertainment > Hobbies & Creative Arts > Collectibles > Collectible Trading Cards","Trading Card","Set: PRD, Rarity: Common, Variant: Non-foil","FALSE","https://img.silvie.org/cdn/cards/PRD/C/EN-157.jpg","1","Hydrocask Droid","","","shopify","g","H5CTPU33KA","Title","Default Title"
"keen-tidebinder-prd","EN-158 Keen Tidebinder (C)","<p>Keen Tidebinder is a common card in Grand Archive's .asphodel/paradise set.<p>","Weebs of the Shore","Arts & Entertainment > Hobbies & Creative Arts > Collectibles > Collectible Trading Cards","Trading Card","Set: PRD, Rarity: Common, Variant: Non-foil","FALSE","https://img.silvie.org/cdn/cards/PRD/C/EN-158.jpg","1","Keen Tidebinder","","","shopify","g","SSHSOWLJJH","Title","Default Title"
"lacunarity-guide-prd","EN-159 Lacunarity Guide (SR)","<p>Lacunarity Guide is a super rare card in Grand Archive's .asphodel/paradise set.<p>","Weebs of the Shore","Arts & Entertainment > Hobbies & Creative Arts > Collectibles > Collectible Trading Cards","Trading Card","Set: PRD, Rarity: Super Rare, Variant: Non-foil","FALSE","https://img.silvie.org/cdn/cards/PRD/SR/EN-159.jpg","1","Lacunarity Guide","","","shopify","g","09ZJQSH4JM","Title","Default Title"
"martial-flowstate-prd","EN-160 Martial Flowstate (SR)","<p>Martial Flowstate is a super rare card in Grand Archive's .asphodel/paradise set.<p>","Weebs of the Shore","Arts & Entertainment > Hobbies & Creative Arts > Collectibles > Collectible Trading Cards","Trading Card","Set: PRD, Rarity: Super Rare, Variant: Non-foil","FALSE","https://img.silvie.org/cdn/cards/PRD/SR/EN-160.jpg","1","Martial Flowstate","","","shopify","g","SWW5BSLZD1","Title","Default Title"
"peer-the-depths-prd","EN-161 Peer the Depths (SR)","<p>Peer the Depths is a super rare card in Grand Archive's .asphodel/paradise set.<p>","Weebs of the Shore","Arts & Entertainment > Hobbies & Creative Arts > Collectibles > Collectible Trading Cards","Trading Card","Set: PRD, Rarity: Super Rare, Variant: Non-foil","FALSE","https://img.silvie.org/cdn/cards/PRD/SR/EN-161.jpg","1","Peer the Depths","","","shopify","g","SYJY6373XH","Title","Default Title"
"pure-cytosynth-prd","EN-162 Pure Cytosynth (R)","<p>Pure Cytosynth is a rare card in Grand Archive's .asphodel/paradise set.<p>","Weebs of the Shore","Arts & Entertainment > Hobbies & Creative Arts > Collectibles > Collectible Trading Cards","Trading Card","Set: PRD, Rarity: Rare, Variant: Non-foil","FALSE","https://img.silvie.org/cdn/cards/PRD/R/EN-162.jpg","1","Pure Cytosynth","","","shopify","g","TQ9KTIOQDY","Title","Default Title"
"refreshing-slice-prd","EN-163 Refreshing Slice (R)","<p>Refreshing Slice is a rare card in Grand Archive's .asphodel/paradise set.<p>","Weebs of the Shore","Arts & Entertainment > Hobbies & Creative Arts > Collectibles > Collectible Trading Cards","Trading Card","Set: PRD, Rarity: Rare, Variant: Non-foil","FALSE","https://img.silvie.org/cdn/cards/PRD/R/EN-163.jpg","1","Refreshing Slice","","","shopify","g","TPHE9HKQ37","Title","Default Title"
"revitalizer-x-ultra-prd","EN-164 Revitalizer X Ultra (U)","<p>Revitalizer X Ultra is an uncommon card in Grand Archive's .asphodel/paradise set.<p>","Weebs of the Shore","Arts & Entertainment > Hobbies & Creative Arts > Collectibles > Collectible Trading Cards","Trading Card","Set: PRD, Rarity: Uncommon, Variant: Non-foil","FALSE","https://img.silvie.org/cdn/cards/PRD/U/EN-164.jpg","1","Revitalizer X Ultra","","","shopify","g","RJNMFZETWD","Title","Default Title"
"sift-prd","EN-165 Sift (C)","<p>Sift is a common card in Grand Archive's .asphodel/paradise set.<p>","Weebs of the Shore","Arts & Entertainment > Hobbies & Creative Arts > Collectibles > Collectible Trading Cards","Trading Card","Set: PRD, Rarity: Common, Variant: Non-foil","FALSE","https://img.silvie.org/cdn/cards/PRD/C/EN-165.jpg","1","Sift","","","shopify","g","WEQ2KQSJEQ","Title","Default Title"
"soaked-slash-prd","EN-166 Soaked Slash (U)","<p>Soaked Slash is an uncommon card in Grand Archive's .asphodel/paradise set.<p>","Weebs of the Shore","Arts & Entertainment > Hobbies & Creative Arts > Collectibles > Collectible Trading Cards","Trading Card","Set: PRD, Rarity: Uncommon, Variant: Non-foil","FALSE","https://img.silvie.org/cdn/cards/PRD/U/EN-166.jpg","1","Soaked Slash","","","shopify","g","ER07U37CMH","Title","Default Title"
"tidal-fractal-prd","EN-167 Tidal Fractal  (C)","<p>Tidal Fractal  is a common card in Grand Archive's .asphodel/paradise set.<p>","Weebs of the Shore","Arts & Entertainment > Hobbies & Creative Arts > Collectibles > Collectible Trading Cards","Trading Card","Set: PRD, Rarity: Common, Variant: Non-foil","FALSE","https://img.silvie.org/cdn/cards/PRD/C/EN-167.jpg","1","Tidal Fractal ","","","shopify","g","OKBXIDYQHJ","Title","Default Title"
"tidewall-sentinel-prd","EN-168 Tidewall Sentinel (C)","<p>Tidewall Sentinel is a common card in Grand Archive's .asphodel/paradise set.<p>","Weebs of the Shore","Arts & Entertainment > Hobbies & Creative Arts > Collectibles > Collectible Trading Cards","Trading Card","Set: PRD, Rarity: Common, Variant: Non-foil","FALSE","https://img.silvie.org/cdn/cards/PRD/C/EN-168.jpg","1","Tidewall Sentinel","","","shopify","g","CBOGBTFTQD","Title","Default Title"
"waterfall-sage-prd","EN-170 Waterfall Sage (C)","<p>Waterfall Sage is a common card in Grand Archive's .asphodel/paradise set.<p>","Weebs of the Shore","Arts & Entertainment > Hobbies & Creative Arts > Collectibles > Collectible Trading Cards","Trading Card","Set: PRD, Rarity: Common, Variant: Non-foil","FALSE","https://img.silvie.org/cdn/cards/PRD/C/EN-170.jpg","1","Waterfall Sage","","","shopify","g","D9G797BNOS","Title","Default Title"
"weight-of-looking-up-prd","EN-171 Weight of Looking Up (R)","<p>Weight of Looking Up is a rare card in Grand Archive's .asphodel/paradise set.<p>","Weebs of the Shore","Arts & Entertainment > Hobbies & Creative Arts > Collectibles > Collectible Trading Cards","Trading Card","Set: PRD, Rarity: Rare, Variant: Non-foil","FALSE","https://img.silvie.org/cdn/cards/PRD/R/EN-171.jpg","1","Weight of Looking Up","","","shopify","g","TK0MIZCUOQ","Title","Default Title"
"aenean-cyclic-winds-prd","EN-172 Aenean Cyclic Winds (SR)","<p>Aenean Cyclic Winds is a super rare card in Grand Archive's .asphodel/paradise set.<p>","Weebs of the Shore","Arts & Entertainment > Hobbies & Creative Arts > Collectibles > Collectible Trading Cards","Trading Card","Set: PRD, Rarity: Super Rare, Variant: Non-foil","FALSE","https://img.silvie.org/cdn/cards/PRD/SR/EN-172.jpg","1","Aenean Cyclic Winds","","","shopify","g","PPFOEDEV3P","Title","Default Title"
"aenean-cyclone-prd","EN-173 Aenean Cyclone (R)","<p>Aenean Cyclone is a rare card in Grand Archive's .asphodel/paradise set.<p>","Weebs of the Shore","Arts & Entertainment > Hobbies & Creative Arts > Collectibles > Collectible Trading Cards","Trading Card","Set: PRD, Rarity: Rare, Variant: Non-foil","FALSE","https://img.silvie.org/cdn/cards/PRD/R/EN-173.jpg","1","Aenean Cyclone","","","shopify","g","WEQWY7SSB3","Title","Default Title"
"aenean-flux-generator-prd","EN-174 Aenean Flux Generator (U)","<p>Aenean Flux Generator is an uncommon card in Grand Archive's .asphodel/paradise set.<p>","Weebs of the Shore","Arts & Entertainment > Hobbies & Creative Arts > Collectibles > Collectible Trading Cards","Trading Card","Set: PRD, Rarity: Uncommon, Variant: Non-foil","FALSE","https://img.silvie.org/cdn/cards/PRD/U/EN-174.jpg","1","Aenean Flux Generator","","","shopify","g","VRRHXJIKNT","Title","Default Title"
"aenean-reclaim-prd","EN-175 Aenean Reclaim (U)","<p>Aenean Reclaim is an uncommon card in Grand Archive's .asphodel/paradise set.<p>","Weebs of the Shore","Arts & Entertainment > Hobbies & Creative Arts > Collectibles > Collectible Trading Cards","Trading Card","Set: PRD, Rarity: Uncommon, Variant: Non-foil","FALSE","https://img.silvie.org/cdn/cards/PRD/U/EN-175.jpg","1","Aenean Reclaim","","","shopify","g","UW4MJR4T3R","Title","Default Title"
"aenean-swelling-gusts-prd","EN-176 Aenean Swelling Gusts (U)","<p>Aenean Swelling Gusts is an uncommon card in Grand Archive's .asphodel/paradise set.<p>","Weebs of the Shore","Arts & Entertainment > Hobbies & Creative Arts > Collectibles > Collectible Trading Cards","Trading Card","Set: PRD, Rarity: Uncommon, Variant: Non-foil","FALSE","https://img.silvie.org/cdn/cards/PRD/U/EN-176.jpg","1","Aenean Swelling Gusts","","","shopify","g","WNJV9BKWKT","Title","Default Title"
"aenean-tailwind-boost-prd","EN-177 Aenean Tailwind Boost (C)","<p>Aenean Tailwind Boost is a common card in Grand Archive's .asphodel/paradise set.<p>","Weebs of the Shore","Arts & Entertainment > Hobbies & Creative Arts > Collectibles > Collectible Trading Cards","Trading Card","Set: PRD, Rarity: Common, Variant: Non-foil","FALSE","https://img.silvie.org/cdn/cards/PRD/C/EN-177.jpg","1","Aenean Tailwind Boost","","","shopify","g","O9N4HKNBOV","Title","Default Title"
"blightheart-adept-prd","EN-178 Blightheart Adept (C)","<p>Blightheart Adept is a common card in Grand Archive's .asphodel/paradise set.<p>","Weebs of the Shore","Arts & Entertainment > Hobbies & Creative Arts > Collectibles > Collectible Trading Cards","Trading Card","Set: PRD, Rarity: Common, Variant: Non-foil","FALSE","https://img.silvie.org/cdn/cards/PRD/C/EN-178.jpg","1","Blightheart Adept","","","shopify","g","EODSFPCWGR","Title","Default Title"
"blightheart-penitent-prd","EN-179 Blightheart Penitent (R)","<p>Blightheart Penitent is a rare card in Grand Archive's .asphodel/paradise set.<p>","Weebs of the Shore","Arts & Entertainment > Hobbies & Creative Arts > Collectibles > Collectible Trading Cards","Trading Card","Set: PRD, Rarity: Rare, Variant: Non-foil","FALSE","https://img.silvie.org/cdn/cards/PRD/R/EN-179.jpg","1","Blightheart Penitent","","","shopify","g","QPY0DRQQXO","Title","Default Title"
"blightheart-thaumaturge-prd","EN-180 Blightheart Thaumaturge (U)","<p>Blightheart Thaumaturge is an uncommon card in Grand Archive's .asphodel/paradise set.<p>","Weebs of the Shore","Arts & Entertainment > Hobbies & Creative Arts > Collectibles > Collectible Trading Cards","Trading Card","Set: PRD, Rarity: Uncommon, Variant: Non-foil","FALSE","https://img.silvie.org/cdn/cards/PRD/U/EN-180.jpg","1","Blightheart Thaumaturge","","","shopify","g","OV5D9FICAY","Title","Default Title"
"breaths-coloratura-prd","EN-181 Breath's Coloratura (R)","<p>Breath's Coloratura is a rare card in Grand Archive's .asphodel/paradise set.<p>","Weebs of the Shore","Arts & Entertainment > Hobbies & Creative Arts > Collectibles > Collectible Trading Cards","Trading Card","Set: PRD, Rarity: Rare, Variant: Non-foil","FALSE","https://img.silvie.org/cdn/cards/PRD/R/EN-181.jpg","1","Breath's Coloratura","","","shopify","g","GEZULUQ2QR","Title","Default Title"
"breezy-looper-prd","EN-182 Breezy Looper (R)","<p>Breezy Looper is a rare card in Grand Archive's .asphodel/paradise set.<p>","Weebs of the Shore","Arts & Entertainment > Hobbies & Creative Arts > Collectibles > Collectible Trading Cards","Trading Card","Set: PRD, Rarity: Rare, Variant: Non-foil","FALSE","https://img.silvie.org/cdn/cards/PRD/R/EN-182.jpg","1","Breezy Looper","","","shopify","g","JIZFUFTM8J","Title","Default Title"
"cato-meadows-channeler-prd","EN-183 Cato, Meadow's Channeler (SR)","<p>Cato, Meadow's Channeler is a super rare card in Grand Archive's .asphodel/paradise set.<p>","Weebs of the Shore","Arts & Entertainment > Hobbies & Creative Arts > Collectibles > Collectible Trading Cards","Trading Card","Set: PRD, Rarity: Super Rare, Variant: Non-foil","FALSE","https://img.silvie.org/cdn/cards/PRD/SR/EN-183.jpg","1","Cato, Meadow's Channeler","","","shopify","g","CS1IHX2KAV","Title","Default Title"
"cellforger-droid-prd","EN-184 Cellforger Droid (U)","<p>Cellforger Droid is an uncommon card in Grand Archive's .asphodel/paradise set.<p>","Weebs of the Shore","Arts & Entertainment > Hobbies & Creative Arts > Collectibles > Collectible Trading Cards","Trading Card","Set: PRD, Rarity: Uncommon, Variant: Non-foil","FALSE","https://img.silvie.org/cdn/cards/PRD/U/EN-184.jpg","1","Cellforger Droid","","","shopify","g","68DJOJXADO","Title","Default Title"
"crosswind-cuts-prd","EN-185 Crosswind Cuts (R)","<p>Crosswind Cuts is a rare card in Grand Archive's .asphodel/paradise set.<p>","Weebs of the Shore","Arts & Entertainment > Hobbies & Creative Arts > Collectibles > Collectible Trading Cards","Trading Card","Set: PRD, Rarity: Rare, Variant: Non-foil","FALSE","https://img.silvie.org/cdn/cards/PRD/R/EN-185.jpg","1","Crosswind Cuts","","","shopify","g","BIFVXB2ZB5","Title","Default Title"
"cutthroat-operative-prd","EN-186 Cutthroat Operative (R)","<p>Cutthroat Operative is a rare card in Grand Archive's .asphodel/paradise set.<p>","Weebs of the Shore","Arts & Entertainment > Hobbies & Creative Arts > Collectibles > Collectible Trading Cards","Trading Card","Set: PRD, Rarity: Rare, Variant: Non-foil","FALSE","https://img.silvie.org/cdn/cards/PRD/R/EN-186.jpg","1","Cutthroat Operative","","","shopify","g","PJVNCDNFQW","Title","Default Title"
"destined-encounter-prd","EN-187 Destined Encounter (R)","<p>Destined Encounter is a rare card in Grand Archive's .asphodel/paradise set.<p>","Weebs of the Shore","Arts & Entertainment > Hobbies & Creative Arts > Collectibles > Collectible Trading Cards","Trading Card","Set: PRD, Rarity: Rare, Variant: Non-foil","FALSE","https://img.silvie.org/cdn/cards/PRD/R/EN-187.jpg","1","Destined Encounter","","","shopify","g","ZBB0QHPC5A","Title","Default Title"
"draught-dodge-prd","EN-188 Draught Dodge (C)","<p>Draught Dodge is a common card in Grand Archive's .asphodel/paradise set.<p>","Weebs of the Shore","Arts & Entertainment > Hobbies & Creative Arts > Collectibles > Collectible Trading Cards","Trading Card","Set: PRD, Rarity: Common, Variant: Non-foil","FALSE","https://img.silvie.org/cdn/cards/PRD/C/EN-188.jpg","1","Draught Dodge","","","shopify","g","N3QE4JLHM6","Title","Default Title"
"exhilarating-plume-prd","EN-189 Exhilarating Plume (R)","<p>Exhilarating Plume is a rare card in Grand Archive's .asphodel/paradise set.<p>","Weebs of the Shore","Arts & Entertainment > Hobbies & Creative Arts > Collectibles > Collectible Trading Cards","Trading Card","Set: PRD, Rarity: Rare, Variant: Non-foil","FALSE","https://img.silvie.org/cdn/cards/PRD/R/EN-189.jpg","1","Exhilarating Plume","","","shopify","g","HUBFXANKAN","Title","Default Title"
"fanclub-leader-prd","EN-190 Fanclub Leader (C)","<p>Fanclub Leader is a common card in Grand Archive's .asphodel/paradise set.<p>","Weebs of the Shore","Arts & Entertainment > Hobbies & Creative Arts > Collectibles > Collectible Trading Cards","Trading Card","Set: PRD, Rarity: Common, Variant: Non-foil","FALSE","https://img.silvie.org/cdn/cards/PRD/C/EN-190.jpg","1","Fanclub Leader","","","shopify","g","TMREJYR46G","Title","Default Title"
"favorable-winds-prd","EN-191 Favorable Winds (C)","<p>Favorable Winds is a common card in Grand Archive's .asphodel/paradise set.<p>","Weebs of the Shore","Arts & Entertainment > Hobbies & Creative Arts > Collectibles > Collectible Trading Cards","Trading Card","Set: PRD, Rarity: Common, Variant: Non-foil","FALSE","https://img.silvie.org/cdn/cards/PRD/C/EN-191.jpg","1","Favorable Winds","","","shopify","g","81SGZI3J15","Title","Default Title"
"gusttech-shield-prd","EN-192 GustTech Shield (C)","<p>GustTech Shield is a common card in Grand Archive's .asphodel/paradise set.<p>","Weebs of the Shore","Arts & Entertainment > Hobbies & Creative Arts > Collectibles > Collectible Trading Cards","Trading Card","Set: PRD, Rarity: Common, Variant: Non-foil","FALSE","https://img.silvie.org/cdn/cards/PRD/C/EN-192.jpg","1","GustTech Shield","","","shopify","g","GVBQGTR7N1","Title","Default Title"
"haze-droid-prd","EN-193 Haze Droid (U)","<p>Haze Droid is an uncommon card in Grand Archive's .asphodel/paradise set.<p>","Weebs of the Shore","Arts & Entertainment > Hobbies & Creative Arts > Collectibles > Collectible Trading Cards","Trading Card","Set: PRD, Rarity: Uncommon, Variant: Non-foil","FALSE","https://img.silvie.org/cdn/cards/PRD/U/EN-193.jpg","1","Haze Droid","","","shopify","g","KKIEMHE3TB","Title","Default Title"
"music-aficionado-prd","EN-194 Music Aficionado (U)","<p>Music Aficionado is an uncommon card in Grand Archive's .asphodel/paradise set.<p>","Weebs of the Shore","Arts & Entertainment > Hobbies & Creative Arts > Collectibles > Collectible Trading Cards","Trading Card","Set: PRD, Rarity: Uncommon, Variant: Non-foil","FALSE","https://img.silvie.org/cdn/cards/PRD/U/EN-194.jpg","1","Music Aficionado","","","shopify","g","QWHKC71XGE","Title","Default Title"
"reclaim-prd","EN-195 Reclaim (C)","<p>Reclaim is a common card in Grand Archive's .asphodel/paradise set.<p>","Weebs of the Shore","Arts & Entertainment > Hobbies & Creative Arts > Collectibles > Collectible Trading Cards","Trading Card","Set: PRD, Rarity: Common, Variant: Non-foil","FALSE","https://img.silvie.org/cdn/cards/PRD/C/EN-195.jpg","1","Reclaim","","","shopify","g","S65CVZP40F","Title","Default Title"
"reinforcing-air-prd","EN-196 Reinforcing Air (U)","<p>Reinforcing Air is an uncommon card in Grand Archive's .asphodel/paradise set.<p>","Weebs of the Shore","Arts & Entertainment > Hobbies & Creative Arts > Collectibles > Collectible Trading Cards","Trading Card","Set: PRD, Rarity: Uncommon, Variant: Non-foil","FALSE","https://img.silvie.org/cdn/cards/PRD/U/EN-196.jpg","1","Reinforcing Air","","","shopify","g","A2XKL6FDHJ","Title","Default Title"
"riveting-winds-prd","EN-197 Riveting Winds (U)","<p>Riveting Winds is an uncommon card in Grand Archive's .asphodel/paradise set.<p>","Weebs of the Shore","Arts & Entertainment > Hobbies & Creative Arts > Collectibles > Collectible Trading Cards","Trading Card","Set: PRD, Rarity: Uncommon, Variant: Non-foil","FALSE","https://img.silvie.org/cdn/cards/PRD/U/EN-197.jpg","1","Riveting Winds","","","shopify","g","RLXDD864CR","Title","Default Title"
"rondo-of-the-wind-prd","EN-198 Rondo of the Wind (C)","<p>Rondo of the Wind is a common card in Grand Archive's .asphodel/paradise set.<p>","Weebs of the Shore","Arts & Entertainment > Hobbies & Creative Arts > Collectibles > Collectible Trading Cards","Trading Card","Set: PRD, Rarity: Common, Variant: Non-foil","FALSE","https://img.silvie.org/cdn/cards/PRD/C/EN-198.jpg","1","Rondo of the Wind","","","shopify","g","AA2X25ALUM","Title","Default Title"
"sinfonia-of-hope-prd","EN-199 Sinfonia of Hope (C)","<p>Sinfonia of Hope is a common card in Grand Archive's .asphodel/paradise set.<p>","Weebs of the Shore","Arts & Entertainment > Hobbies & Creative Arts > Collectibles > Collectible Trading Cards","Trading Card","Set: PRD, Rarity: Common, Variant: Non-foil","FALSE","https://img.silvie.org/cdn/cards/PRD/C/EN-199.jpg","1","Sinfonia of Hope","","","shopify","g","CNP4XND6BA","Title","Default Title"
"stridetech-w-prd","EN-200 StrideTech W (C)","<p>StrideTech W is a common card in Grand Archive's .asphodel/paradise set.<p>","Weebs of the Shore","Arts & Entertainment > Hobbies & Creative Arts > Collectibles > Collectible Trading Cards","Trading Card","Set: PRD, Rarity: Common, Variant: Non-foil","FALSE","https://img.silvie.org/cdn/cards/PRD/C/EN-200.jpg","1","StrideTech W","","","shopify","g","WOAE81EHUP","Title","Default Title"
"tribute-singer-prd","EN-201 Tribute Singer (SR)","<p>Tribute Singer is a super rare card in Grand Archive's .asphodel/paradise set.<p>","Weebs of the Shore","Arts & Entertainment > Hobbies & Creative Arts > Collectibles > Collectible Trading Cards","Trading Card","Set: PRD, Rarity: Super Rare, Variant: Non-foil","FALSE","https://img.silvie.org/cdn/cards/PRD/SR/EN-201.jpg","1","Tribute Singer","","","shopify","g","EFLFWCKVJB","Title","Default Title"
"turbulent-bounty-hunter-prd","EN-202 Turbulent Bounty Hunter (U)","<p>Turbulent Bounty Hunter is an uncommon card in Grand Archive's .asphodel/paradise set.<p>","Weebs of the Shore","Arts & Entertainment > Hobbies & Creative Arts > Collectibles > Collectible Trading Cards","Trading Card","Set: PRD, Rarity: Uncommon, Variant: Non-foil","FALSE","https://img.silvie.org/cdn/cards/PRD/U/EN-202.jpg","1","Turbulent Bounty Hunter","","","shopify","g","7TUJHWX67B","Title","Default Title"
"updraft-slice-prd","EN-203 Updraft Slice (C)","<p>Updraft Slice is a common card in Grand Archive's .asphodel/paradise set.<p>","Weebs of the Shore","Arts & Entertainment > Hobbies & Creative Arts > Collectibles > Collectible Trading Cards","Trading Card","Set: PRD, Rarity: Common, Variant: Non-foil","FALSE","https://img.silvie.org/cdn/cards/PRD/C/EN-203.jpg","1","Updraft Slice","","","shopify","g","2RU3BPZOMO","Title","Default Title"
"welcome-merriment-prd","EN-204 Welcome Merriment (C)","<p>Welcome Merriment is a common card in Grand Archive's .asphodel/paradise set.<p>","Weebs of the Shore","Arts & Entertainment > Hobbies & Creative Arts > Collectibles > Collectible Trading Cards","Trading Card","Set: PRD, Rarity: Common, Variant: Non-foil","FALSE","https://img.silvie.org/cdn/cards/PRD/C/EN-204.jpg","1","Welcome Merriment","","","shopify","g","IQMCMZKPF5","Title","Default Title"
"windstrike-soldier-prd","EN-205 Windstrike Soldier (R)","<p>Windstrike Soldier is a rare card in Grand Archive's .asphodel/paradise set.<p>","Weebs of the Shore","Arts & Entertainment > Hobbies & Creative Arts > Collectibles > Collectible Trading Cards","Trading Card","Set: PRD, Rarity: Rare, Variant: Non-foil","FALSE","https://img.silvie.org/cdn/cards/PRD/R/EN-205.jpg","1","Windstrike Soldier","","","shopify","g","KBMGJNDJZB","Title","Default Title"
"wuthering-sforzando-prd","EN-206 Wuthering Sforzando (U)","<p>Wuthering Sforzando is an uncommon card in Grand Archive's .asphodel/paradise set.<p>","Weebs of the Shore","Arts & Entertainment > Hobbies & Creative Arts > Collectibles > Collectible Trading Cards","Trading Card","Set: PRD, Rarity: Uncommon, Variant: Non-foil","FALSE","https://img.silvie.org/cdn/cards/PRD/U/EN-206.jpg","1","Wuthering Sforzando","","","shopify","g","NSKGGM34TD","Title","Default Title"
"arcane-sight-prd","EN-207 Arcane Sight (U)","<p>Arcane Sight is an uncommon card in Grand Archive's .asphodel/paradise set.<p>","Weebs of the Shore","Arts & Entertainment > Hobbies & Creative Arts > Collectibles > Collectible Trading Cards","Trading Card","Set: PRD, Rarity: Uncommon, Variant: Non-foil","FALSE","https://img.silvie.org/cdn/cards/PRD/U/EN-207.jpg","1","Arcane Sight","","","shopify","g","ND8NGM2DB4","Title","Default Title"
"arrest-lightning-prd","EN-208 Arrest Lightning (U)","<p>Arrest Lightning is an uncommon card in Grand Archive's .asphodel/paradise set.<p>","Weebs of the Shore","Arts & Entertainment > Hobbies & Creative Arts > Collectibles > Collectible Trading Cards","Trading Card","Set: PRD, Rarity: Uncommon, Variant: Non-foil","FALSE","https://img.silvie.org/cdn/cards/PRD/U/EN-208.jpg","1","Arrest Lightning","","","shopify","g","WMYYDK0GYT","Title","Default Title"
"brooch-x-ultra-prd","EN-209 Brooch X Ultra (U)","<p>Brooch X Ultra is an uncommon card in Grand Archive's .asphodel/paradise set.<p>","Weebs of the Shore","Arts & Entertainment > Hobbies & Creative Arts > Collectibles > Collectible Trading Cards","Trading Card","Set: PRD, Rarity: Uncommon, Variant: Non-foil","FALSE","https://img.silvie.org/cdn/cards/PRD/U/EN-209.jpg","1","Brooch X Ultra","","","shopify","g","ZZCJEPX97H","Title","Default Title"
"charge-static-prd","EN-210 Charge Static (U)","<p>Charge Static is an uncommon card in Grand Archive's .asphodel/paradise set.<p>","Weebs of the Shore","Arts & Entertainment > Hobbies & Creative Arts > Collectibles > Collectible Trading Cards","Trading Card","Set: PRD, Rarity: Uncommon, Variant: Non-foil","FALSE","https://img.silvie.org/cdn/cards/PRD/U/EN-210.jpg","1","Charge Static","","","shopify","g","B9AXNYZQN8","Title","Default Title"
"charger-x-ultra-prd","EN-211 Charger X Ultra (U)","<p>Charger X Ultra is an uncommon card in Grand Archive's .asphodel/paradise set.<p>","Weebs of the Shore","Arts & Entertainment > Hobbies & Creative Arts > Collectibles > Collectible Trading Cards","Trading Card","Set: PRD, Rarity: Uncommon, Variant: Non-foil","FALSE","https://img.silvie.org/cdn/cards/PRD/U/EN-211.jpg","1","Charger X Ultra","","","shopify","g","WGKXJGHJLN","Title","Default Title"
"conductive-strike-prd","EN-212 Conductive Strike (SR)","<p>Conductive Strike is a super rare card in Grand Archive's .asphodel/paradise set.<p>","Weebs of the Shore","Arts & Entertainment > Hobbies & Creative Arts > Collectibles > Collectible Trading Cards","Trading Card","Set: PRD, Rarity: Super Rare, Variant: Non-foil","FALSE","https://img.silvie.org/cdn/cards/PRD/SR/EN-212.jpg","1","Conductive Strike","","","shopify","g","MPRD8GWM1K","Title","Default Title"
"fulgurite-coordinator-prd","EN-213 Fulgurite Coordinator (U)","<p>Fulgurite Coordinator is an uncommon card in Grand Archive's .asphodel/paradise set.<p>","Weebs of the Shore","Arts & Entertainment > Hobbies & Creative Arts > Collectibles > Collectible Trading Cards","Trading Card","Set: PRD, Rarity: Uncommon, Variant: Non-foil","FALSE","https://img.silvie.org/cdn/cards/PRD/U/EN-213.jpg","1","Fulgurite Coordinator","","","shopify","g","SZKDOARLCY","Title","Default Title"
"induction-strike-prd","EN-214 Induction Strike (U)","<p>Induction Strike is an uncommon card in Grand Archive's .asphodel/paradise set.<p>","Weebs of the Shore","Arts & Entertainment > Hobbies & Creative Arts > Collectibles > Collectible Trading Cards","Trading Card","Set: PRD, Rarity: Uncommon, Variant: Non-foil","FALSE","https://img.silvie.org/cdn/cards/PRD/U/EN-214.jpg","1","Induction Strike","","","shopify","g","EQNSDVNVY6","Title","Default Title"
"ionizer-x-ultra-prd","EN-215 Ionizer X Ultra (R)","<p>Ionizer X Ultra is a rare card in Grand Archive's .asphodel/paradise set.<p>","Weebs of the Shore","Arts & Entertainment > Hobbies & Creative Arts > Collectibles > Collectible Trading Cards","Trading Card","Set: PRD, Rarity: Rare, Variant: Non-foil","FALSE","https://img.silvie.org/cdn/cards/PRD/R/EN-215.jpg","1","Ionizer X Ultra","","","shopify","g","XX0LZSHNAD","Title","Default Title"
"piccarda-night-rider-prd","EN-216 Piccarda, Night Rider (SR)","<p>Piccarda, Night Rider is a super rare card in Grand Archive's .asphodel/paradise set.<p>","Weebs of the Shore","Arts & Entertainment > Hobbies & Creative Arts > Collectibles > Collectible Trading Cards","Trading Card","Set: PRD, Rarity: Super Rare, Variant: Non-foil","FALSE","https://img.silvie.org/cdn/cards/PRD/SR/EN-216.jpg","1","Piccarda, Night Rider","","","shopify","g","FBLUL8UYEG","Title","Default Title"
"return-stroke-prd","EN-217 Return Stroke (U)","<p>Return Stroke is an uncommon card in Grand Archive's .asphodel/paradise set.<p>","Weebs of the Shore","Arts & Entertainment > Hobbies & Creative Arts > Collectibles > Collectible Trading Cards","Trading Card","Set: PRD, Rarity: Uncommon, Variant: Non-foil","FALSE","https://img.silvie.org/cdn/cards/PRD/U/EN-217.jpg","1","Return Stroke","","","shopify","g","VYLSKWXPUK","Title","Default Title"
"rolling-chorus-prd","EN-218 Rolling Chorus (R)","<p>Rolling Chorus is a rare card in Grand Archive's .asphodel/paradise set.<p>","Weebs of the Shore","Arts & Entertainment > Hobbies & Creative Arts > Collectibles > Collectible Trading Cards","Trading Card","Set: PRD, Rarity: Rare, Variant: Non-foil","FALSE","https://img.silvie.org/cdn/cards/PRD/R/EN-218.jpg","1","Rolling Chorus","","","shopify","g","IQ4FJ2JXKY","Title","Default Title"
"rumble-coordinator-prd","EN-219 Rumble Coordinator (R)","<p>Rumble Coordinator is a rare card in Grand Archive's .asphodel/paradise set.<p>","Weebs of the Shore","Arts & Entertainment > Hobbies & Creative Arts > Collectibles > Collectible Trading Cards","Trading Card","Set: PRD, Rarity: Rare, Variant: Non-foil","FALSE","https://img.silvie.org/cdn/cards/PRD/R/EN-219.jpg","1","Rumble Coordinator","","","shopify","g","6ASXLNHIU9","Title","Default Title"
"triboelectric-fortification-prd","EN-221 Triboelectric Fortification (R)","<p>Triboelectric Fortification is a rare card in Grand Archive's .asphodel/paradise set.<p>","Weebs of the Shore","Arts & Entertainment > Hobbies & Creative Arts > Collectibles > Collectible Trading Cards","Trading Card","Set: PRD, Rarity: Rare, Variant: Non-foil","FALSE","https://img.silvie.org/cdn/cards/PRD/R/EN-221.jpg","1","Triboelectric Fortification","","","shopify","g","D8AUWT3MVB","Title","Default Title"
"blood-surge-prd","EN-222 Blood Surge (U)","<p>Blood Surge is an uncommon card in Grand Archive's .asphodel/paradise set.<p>","Weebs of the Shore","Arts & Entertainment > Hobbies & Creative Arts > Collectibles > Collectible Trading Cards","Trading Card","Set: PRD, Rarity: Uncommon, Variant: Non-foil","FALSE","https://img.silvie.org/cdn/cards/PRD/U/EN-222.jpg","1","Blood Surge","","","shopify","g","V7TVVP4PTN","Title","Default Title"
"devils-lifeline-prd","EN-224 Devil's Lifeline (U)","<p>Devil's Lifeline is an uncommon card in Grand Archive's .asphodel/paradise set.<p>","Weebs of the Shore","Arts & Entertainment > Hobbies & Creative Arts > Collectibles > Collectible Trading Cards","Trading Card","Set: PRD, Rarity: Uncommon, Variant: Non-foil","FALSE","https://img.silvie.org/cdn/cards/PRD/U/EN-224.jpg","1","Devil's Lifeline","","","shopify","g","Z6O3THRA4J","Title","Default Title"
"elysian-aspirant-prd","EN-225 Elysian Aspirant (U)","<p>Elysian Aspirant is an uncommon card in Grand Archive's .asphodel/paradise set.<p>","Weebs of the Shore","Arts & Entertainment > Hobbies & Creative Arts > Collectibles > Collectible Trading Cards","Trading Card","Set: PRD, Rarity: Uncommon, Variant: Non-foil","FALSE","https://img.silvie.org/cdn/cards/PRD/U/EN-225.jpg","1","Elysian Aspirant","","","shopify","g","5KUWV3NDBI","Title","Default Title"
"embryonic-hemosynth-prd","EN-226 Embryonic Hemosynth (U)","<p>Embryonic Hemosynth is an uncommon card in Grand Archive's .asphodel/paradise set.<p>","Weebs of the Shore","Arts & Entertainment > Hobbies & Creative Arts > Collectibles > Collectible Trading Cards","Trading Card","Set: PRD, Rarity: Uncommon, Variant: Non-foil","FALSE","https://img.silvie.org/cdn/cards/PRD/U/EN-226.jpg","1","Embryonic Hemosynth","","","shopify","g","H4IG1FERSI","Title","Default Title"
"exia-sight-prd","EN-227 Exia Sight (U)","<p>Exia Sight is an uncommon card in Grand Archive's .asphodel/paradise set.<p>","Weebs of the Shore","Arts & Entertainment > Hobbies & Creative Arts > Collectibles > Collectible Trading Cards","Trading Card","Set: PRD, Rarity: Uncommon, Variant: Non-foil","FALSE","https://img.silvie.org/cdn/cards/PRD/U/EN-227.jpg","1","Exia Sight","","","shopify","g","4AVMUZCPXV","Title","Default Title"
"hemoflux-drain-prd","EN-228 Hemoflux Drain (U)","<p>Hemoflux Drain is an uncommon card in Grand Archive's .asphodel/paradise set.<p>","Weebs of the Shore","Arts & Entertainment > Hobbies & Creative Arts > Collectibles > Collectible Trading Cards","Trading Card","Set: PRD, Rarity: Uncommon, Variant: Non-foil","FALSE","https://img.silvie.org/cdn/cards/PRD/U/EN-228.jpg","1","Hemoflux Drain","","","shopify","g","UXA5VWH6SL","Title","Default Title"
"ischemic-soldier-prd","EN-229 Ischemic Soldier (R)","<p>Ischemic Soldier is a rare card in Grand Archive's .asphodel/paradise set.<p>","Weebs of the Shore","Arts & Entertainment > Hobbies & Creative Arts > Collectibles > Collectible Trading Cards","Trading Card","Set: PRD, Rarity: Rare, Variant: Non-foil","FALSE","https://img.silvie.org/cdn/cards/PRD/R/EN-229.jpg","1","Ischemic Soldier","","","shopify","g","I9EJKN8Z42","Title","Default Title"
"judas-claret-intercessor-prd","EN-230 Judas, Claret Intercessor (SR)","<p>Judas, Claret Intercessor is a super rare card in Grand Archive's .asphodel/paradise set.<p>","Weebs of the Shore","Arts & Entertainment > Hobbies & Creative Arts > Collectibles > Collectible Trading Cards","Trading Card","Set: PRD, Rarity: Super Rare, Variant: Non-foil","FALSE","https://img.silvie.org/cdn/cards/PRD/SR/EN-230.jpg","1","Judas, Claret Intercessor","","","shopify","g","MKWEODWCTJ","Title","Default Title"
"perfusive-envelopment-prd","EN-231 Perfusive Envelopment (U)","<p>Perfusive Envelopment is an uncommon card in Grand Archive's .asphodel/paradise set.<p>","Weebs of the Shore","Arts & Entertainment > Hobbies & Creative Arts > Collectibles > Collectible Trading Cards","Trading Card","Set: PRD, Rarity: Uncommon, Variant: Non-foil","FALSE","https://img.silvie.org/cdn/cards/PRD/U/EN-231.jpg","1","Perfusive Envelopment","","","shopify","g","SJLUZTHZ45","Title","Default Title"
"rhesus-eradication-prd","EN-232 Rhesus Eradication (R)","<p>Rhesus Eradication is a rare card in Grand Archive's .asphodel/paradise set.<p>","Weebs of the Shore","Arts & Entertainment > Hobbies & Creative Arts > Collectibles > Collectible Trading Cards","Trading Card","Set: PRD, Rarity: Rare, Variant: Non-foil","FALSE","https://img.silvie.org/cdn/cards/PRD/R/EN-232.jpg","1","Rhesus Eradication","","","shopify","g","WX8VR8UXQ5","Title","Default Title"
"spellshield-exia-prd","EN-233 Spellshield: Exia (U)","<p>Spellshield: Exia is an uncommon card in Grand Archive's .asphodel/paradise set.<p>","Weebs of the Shore","Arts & Entertainment > Hobbies & Creative Arts > Collectibles > Collectible Trading Cards","Trading Card","Set: PRD, Rarity: Uncommon, Variant: Non-foil","FALSE","https://img.silvie.org/cdn/cards/PRD/U/EN-233.jpg","1","Spellshield: Exia","","","shopify","g","E8QA21KST5","Title","Default Title"
"thanatotic-hemosynth-prd","EN-234 Thanatotic Hemosynth (R)","<p>Thanatotic Hemosynth is a rare card in Grand Archive's .asphodel/paradise set.<p>","Weebs of the Shore","Arts & Entertainment > Hobbies & Creative Arts > Collectibles > Collectible Trading Cards","Trading Card","Set: PRD, Rarity: Rare, Variant: Non-foil","FALSE","https://img.silvie.org/cdn/cards/PRD/R/EN-234.jpg","1","Thanatotic Hemosynth","","","shopify","g","333ZYOAC0K","Title","Default Title"
"umbilical-ritual-prd","EN-235 Umbilical Ritual (U)","<p>Umbilical Ritual is an uncommon card in Grand Archive's .asphodel/paradise set.<p>","Weebs of the Shore","Arts & Entertainment > Hobbies & Creative Arts > Collectibles > Collectible Trading Cards","Trading Card","Set: PRD, Rarity: Uncommon, Variant: Non-foil","FALSE","https://img.silvie.org/cdn/cards/PRD/U/EN-235.jpg","1","Umbilical Ritual","","","shopify","g","BWXR0GX1BW","Title","Default Title"
"unruled-bereavement-prd","EN-236 Unruled Bereavement (R)","<p>Unruled Bereavement is a rare card in Grand Archive's .asphodel/paradise set.<p>","Weebs of the Shore","Arts & Entertainment > Hobbies & Creative Arts > Collectibles > Collectible Trading Cards","Trading Card","Set: PRD, Rarity: Rare, Variant: Non-foil","FALSE","https://img.silvie.org/cdn/cards/PRD/R/EN-236.jpg","1","Unruled Bereavement","","","shopify","g","2QJDBXFGBW","Title","Default Title"
"varicose-amplification-prd","EN-237 Varicose Amplification (R)","<p>Varicose Amplification is a rare card in Grand Archive's .asphodel/paradise set.<p>","Weebs of the Shore","Arts & Entertainment > Hobbies & Creative Arts > Collectibles > Collectible Trading Cards","Trading Card","Set: PRD, Rarity: Rare, Variant: Non-foil","FALSE","https://img.silvie.org/cdn/cards/PRD/R/EN-237.jpg","1","Varicose Amplification","","","shopify","g","CD0MKY8AK0","Title","Default Title"
"vascular-collapse-prd","EN-238 Vascular Collapse (SR)","<p>Vascular Collapse is a super rare card in Grand Archive's .asphodel/paradise set.<p>","Weebs of the Shore","Arts & Entertainment > Hobbies & Creative Arts > Collectibles > Collectible Trading Cards","Trading Card","Set: PRD, Rarity: Super Rare, Variant: Non-foil","FALSE","https://img.silvie.org/cdn/cards/PRD/SR/EN-238.jpg","1","Vascular Collapse","","","shopify","g","CCKBZVKJMM","Title","Default Title"
"powerforged-burst-prd","EN-239 Powerforged Burst (R)","<p>Powerforged Burst is a rare card in Grand Archive's .asphodel/paradise set.<p>","Weebs of the Shore","Arts & Entertainment > Hobbies & Creative Arts > Collectibles > Collectible Trading Cards","Trading Card","Set: PRD, Rarity: Rare, Variant: Non-foil","FALSE","https://img.silvie.org/cdn/cards/PRD/R/EN-239.jpg","1","Powerforged Burst","","","shopify","g","K1AMZIHLPX","Title","Default Title"
"production-crawldroid-prd","EN-240 Production Crawldroid (R)","<p>Production Crawldroid is a rare card in Grand Archive's .asphodel/paradise set.<p>","Weebs of the Shore","Arts & Entertainment > Hobbies & Creative Arts > Collectibles > Collectible Trading Cards","Trading Card","Set: PRD, Rarity: Rare, Variant: Non-foil","FALSE","https://img.silvie.org/cdn/cards/PRD/R/EN-240.jpg","1","Production Crawldroid","","","shopify","g","ZKTEOC8RKC","Title","Default Title"